filename,width,height,class,xmin,ymin,xmax,ymax
img_3965_jpg.rf.c2dff0e93106d81985134daf9ffd4db3.jpg,640,480,talking to passenger,92,55,554,453
img_636_jpg.rf.c566112ef3b0d11ecf6a6576a3a4e676.jpg,640,480,texting,51,20,471,446
img_1702_jpg.rf.c2df8bef092b185626526e74cdf2f307.jpg,640,480,hair and makeup,107,57,463,321
img_108_jpg.rf.c3e58fda216d0d02aaa429aa480cae3e.jpg,640,480,hair and makeup,16,25,596,421
img_4177_jpg.rf.c3e8e3f40d03b9d7391e869214862877.jpg,640,480,texting,47,61,489,479
img_1536_jpg.rf.c50c2d2eaa3e2fcc0fa8434c149c4333.jpg,640,480,operating the radio,180,75,639,442
img_502_jpg.rf.c29dc30e210464793331cc54844affee.jpg,640,480,talking on the phone,102,51,572,449
img_67090_jpg.rf.c28c8ccffde0a6cccf43bbe26c9cf1cf.jpg,640,480,safe driving,49,45,588,443
img_101561_jpg.rf.c24a863e7f6d2d395c6a90133850b3e9.jpg,640,480,operating the radio,60,4,639,479
img_3004_jpg.rf.c43e55abdf21d9e66d0db9102050c240.jpg,640,480,drinking,32,59,488,474
img_101349_jpg.rf.c4d12d1b2a55b2756a7c6ed9d98840ef.jpg,640,480,talking on the phone,30,24,587,466
img_502_jpg.rf.c5815b1a0c7112cfde55f8f5fc90c90a.jpg,640,480,talking on the phone,91,34,585,462
img_54_jpg.rf.c5274fb033e00019a7748e34f7fe345a.jpg,640,480,talking to passenger,41,0,551,432
img_102088_jpg.rf.c3f0ad9b7310677c6fb62375b9a0fbae.jpg,640,480,reaching behind,12,53,573,429
img_337_jpg.rf.c4482fd36edfa29128f1815ef3fb41ae.jpg,640,480,talking to passenger,82,0,525,427
img_92468_jpg.rf.c4eb51bece17b6645b294e5ccbab1072.jpg,640,480,safe driving,99,73,583,412
img_4116_jpg.rf.c3db96bdb597b8b96859b2cbfbe45c76.jpg,640,480,texting,103,60,610,403
img_569_jpg.rf.c34e8fdfb08f9f3d244d3dd08de2e4af.jpg,640,480,texting,93,25,533,463
img_1053_jpg.rf.c60a0519093980f9bf44ffb36263840a.jpg,640,480,safe driving,79,0,520,414
img_443_jpg.rf.c571703f899243d79d48877e4150e5c9.jpg,640,480,operating the radio,211,57,638,430
img_101905_jpg.rf.c26838334c4448e7e3bf508a5747930a.jpg,640,480,reaching behind,90,0,639,479
img_101944_jpg.rf.c3e734d3a8c5c5afca98fde69bbf9e61.jpg,640,480,drinking,98,62,563,442
img_2511_jpg.rf.c24fad3287fa755d47dda77062cb7e21.jpg,640,480,reaching behind,76,33,611,479
img_1016_jpg.rf.c67c12f4d96542992944505ed3afbb33.jpg,640,480,operating the radio,89,23,639,479
img_1062_jpg.rf.c617d19c5ef7e5538465c14a90362ea4.jpg,640,480,hair and makeup,146,1,599,408
img_68450_jpg.rf.c54dae7df112ca4279e6b6905a09e020.jpg,640,480,safe driving,0,1,593,479
img_792_jpg.rf.c677c2a0099bfd51b08445e188e9044a.jpg,640,480,reaching behind,0,39,596,475
img_494_jpg.rf.c512d896a87938f12442e776878472fe.jpg,640,480,talking on the phone,96,15,639,459
img_621_jpg.rf.c545b42d36d7fbd3448dc0b8b1a68dcb.jpg,640,480,operating the radio,198,65,639,407
img_81_jpg.rf.c6981a5eff3c4ec5df9852bac2eeddf6.jpg,640,480,reaching behind,127,26,639,378
img_101526_jpg.rf.c6b0b0fdf8307853eecf6497b369c81c.jpg,640,480,operating the radio,172,43,639,479
img_1295_jpg.rf.c6a27bd4c9b5835a6e2f89557dd54d9f.jpg,640,480,texting,95,72,559,379
img_3004_jpg.rf.c6b0be80d87afc8794647935dfb61740.jpg,640,480,drinking,2,23,592,479
img_2962_jpg.rf.c69c4802f620023c2e51093acfe124fe.jpg,640,480,talking on the phone,78,66,477,407
img_1621_jpg.rf.c6eda1df7bd50a3c8d31013aa3fc52ec.jpg,640,480,talking on the phone,47,25,512,377
img_3686_jpg.rf.c72fcfe56c100b5b1620d3c3b57d398e.jpg,640,480,operating the radio,179,47,635,442
img_124_jpg.rf.c758340e9075def4e54510a4a1333e78.jpg,640,480,drinking,45,7,545,466
img_4732_jpg.rf.c7cbfe32d3bd7c35e7c87eab52201db2.jpg,640,480,reaching behind,33,63,630,479
img_548_jpg.rf.c6f2b9a8665df43586e9deebf85b23dc.jpg,640,480,talking to passenger,20,17,581,433
img_727_jpg.rf.c8034d352fe5bf34314163ec2cb5f8a3.jpg,640,480,reaching behind,31,3,639,472
img_101593_jpg.rf.c7851fcef35ebb6b3d4e4d7def78c4c4.jpg,640,480,reaching behind,71,0,639,455
img_1286_jpg.rf.c7ddd1516e3cc3c645f9331f20c34985.jpg,640,480,texting,48,19,526,366
img_1922_jpg.rf.c8485b8a0ff78ff3d13ab564435f40d1.jpg,640,480,talking to passenger,146,81,595,392
img_92374_jpg.rf.c7654996c533cdc070d2b751d36ed922.jpg,640,480,texting,80,33,574,479
img_508_jpg.rf.c8312f0b3be25b74107c6d6b1bd211ba.jpg,640,480,drinking,104,0,639,390
img_102074_jpg.rf.c85ad0b99d73801d00c138b4c6ba5713.jpg,640,480,drinking,69,0,609,479
img_101719_jpg.rf.c970bce765fdc5a8372eaac85fbacb7f.jpg,640,480,drinking,34,8,543,444
img_501_jpg.rf.c8291c512b04eb850133cc0c292395a4.jpg,640,480,talking on the phone,10,51,574,419
img_3178_jpg.rf.c97fabf426d0d9aacdaa6d46fec8e5b6.jpg,640,480,operating the radio,121,72,639,466
img_3318_jpg.rf.c9b4ff915902f65339ab8ee290e0a89d.jpg,640,480,talking to passenger,141,83,623,385
img_1317_jpg.rf.ca7b41c1b65bd529c791f1a6aded9a19.jpg,640,480,texting,189,0,639,381
img_3442_jpg.rf.ca8259d7c7ffe7b666aff98df663255d.jpg,640,480,operating the radio,174,35,639,440
img_89892_jpg.rf.ca79324b20a6a891c9fc567f2eff7655.jpg,640,480,safe driving,128,10,639,367
img_729_jpg.rf.c9c104d507ccc1055335c00e3414f0de.jpg,640,480,reaching behind,0,0,560,479
img_101751_jpg.rf.cb44df6f3b99d802f240ce0b25411db1.jpg,640,480,hair and makeup,3,5,602,479
img_1457_jpg.rf.ca8f6f38aa5914091fbbc9e3b6fbff97.jpg,640,480,drinking,145,0,603,427
img_91925_jpg.rf.cb7c603922d4c83f1f132b95418f755e.jpg,640,480,safe driving,49,62,561,374
img_101130_jpg.rf.cc0128206b0c380dae67f84cbbafdf37.jpg,640,480,texting,10,6,540,373
img_4409_jpg.rf.cc7b58c4260f48da5ae4707da0fa7877.jpg,640,480,hair and makeup,2,86,490,479
img_420_jpg.rf.ccd98fc364b26006c2687673eb7c8654.jpg,640,480,hair and makeup,80,46,578,421
img_501_jpg.rf.ccf0c129cca08db6d815e0bef9c8f7e7.jpg,640,480,talking on the phone,16,59,569,408
img_874_jpg.rf.cd10452a3e32b997245fb9f443961ac7.jpg,640,480,hair and makeup,112,38,639,445
img_1057_jpg.rf.cd1a948855816bf10b3655103204a231.jpg,640,480,hair and makeup,76,4,483,451
img_116_jpg.rf.cd1ae41ea960df05398b5e76891a7b9a.jpg,640,480,reaching behind,0,18,639,436
img_579_jpg.rf.ccf440f566780ca3a915874199fc8ace.jpg,640,480,talking to passenger,148,0,639,443
img_101029_jpg.rf.cdb4acbda19fc2a093508d239ee71658.jpg,640,480,talking on the phone,54,0,543,380
img_4083_jpg.rf.cd81758d6a394842447b1e79056d6c37.jpg,640,480,operating the radio,164,6,635,405
img_3281_jpg.rf.cd2ec46ebdcbe0850fb30ec664594db5.jpg,640,480,talking to passenger,68,0,486,445
img_1952_jpg.rf.cdcc75dc1f35f238e929ddd4388e6e0d.jpg,640,480,drinking,149,77,543,409
img_2551_jpg.rf.ce90bccfba11571d910f09d86ae8636d.jpg,640,480,talking on the phone,96,71,529,445
img_7139_jpg.rf.ce4f3e0b91bac55eb7267f19f93422c7.jpg,640,480,hair and makeup,25,55,545,401
img_89621_jpg.rf.ced4e4cb64a3ea7533e96cbb8c54f7f2.jpg,640,480,safe driving,128,0,639,348
img_1254_jpg.rf.cf46845ad94bde995f69954d78e67180.jpg,640,480,talking to passenger,55,53,587,476
img_1872_jpg.rf.cee020b83ada4d7ac6eea9a429011573.jpg,640,480,safe driving,85,50,552,450
img_325_jpg.rf.cef4c7f1e98ea24d61354d0e785f52d5.jpg,640,480,talking to passenger,136,30,639,403
img_101433_jpg.rf.cf4952399321b6f720743b80efb1b233.jpg,640,480,reaching behind,0,48,539,479
img_456_jpg.rf.cf8364688f5630690edceabc1bc5a745.jpg,640,480,texting,102,30,530,479
img_2700_jpg.rf.cfebb220397572597c9b4851595b847f.jpg,640,480,talking on the phone,91,28,634,464
img_394_jpg.rf.cfa02d82345426b11d8a9aea7ff640f6.jpg,640,480,reaching behind,0,8,574,443
img_3541_jpg.rf.d0c3f90738c30a1b28236a3fffccc667.jpg,640,480,talking on the phone,58,49,512,437
img_154_jpg.rf.d019e6f961b3d9c05820fdb5163062a6.jpg,640,480,talking to passenger,72,58,572,429
img_302_jpg.rf.d0ee56cefd5413002b56cd9c89b39737.jpg,640,480,hair and makeup,38,57,523,445
img_101047_jpg.rf.d11b1882712af35e7aa71ac0c6ebeaee.jpg,640,480,texting,124,49,639,438
img_101378_jpg.rf.cff30bdefa5a7f521d7e6d0e3b1ea717.jpg,640,480,reaching behind,0,19,582,479
img_4398_jpg.rf.d1aad1b69eb7136ec498bd2a73c0e78d.jpg,640,480,talking on the phone,16,59,491,472
img_183_jpg.rf.d1e49bca5235f4ed541e350d127f14da.jpg,640,480,drinking,64,30,629,479
img_100503_jpg.rf.d1636a7436cf532bad2b36bb8c3eb06c.jpg,640,480,texting,117,75,568,442
img_548_jpg.rf.d1ea657ddfb17eb6d1efebde5953500f.jpg,640,480,talking to passenger,48,60,494,479
img_719_jpg.rf.d1bfe7af8fdb244e879fba660013bad5.jpg,640,480,reaching behind,0,11,591,465
img_101749_jpg.rf.d2361532c7a05aeb6c19de0ff5733e8c.jpg,640,480,drinking,102,61,568,479
img_440_jpg.rf.d221ecb61e92b7d6934941acda60d8db.jpg,640,480,talking on the phone,56,22,549,405
img_2890_jpg.rf.d2a02742ae6b63aa262da73c5aac2ba3.jpg,640,480,texting,29,47,534,336
img_244_jpg.rf.d3199ac3cef34525d3386f0a33aab50a.jpg,640,480,texting,82,24,533,471
img_3899_jpg.rf.d44f94dfec6fac66e987f1d76f970020.jpg,640,480,operating the radio,45,38,631,382
img_101394_jpg.rf.d48ac7602ccf0a1acf32b8ae405509b4.jpg,640,480,operating the radio,95,63,639,434
img_92947_jpg.rf.d4644f9786600abd21a223c2845cc82e.jpg,640,480,safe driving,137,44,639,427
img_101993_jpg.rf.d48d43eb589b2bfd19b8dccf14104c12.jpg,640,480,texting,96,5,639,464
img_4232_jpg.rf.d4ced4a3e409058267e42ef84693b31d.jpg,640,480,hair and makeup,159,25,639,376
img_2974_jpg.rf.d4f72d483360c14a0c981ea747cec3b9.jpg,640,480,drinking,177,9,639,377
img_100368_jpg.rf.d4ab6747931d37e43162561e7d0fe850.jpg,640,480,hair and makeup,55,9,605,469
img_761_jpg.rf.d4d453800fd228387ddc00b46650cf4e.jpg,640,480,texting,73,67,477,479
img_100589_jpg.rf.d55c2bf75792bb7e596d96bc5777d086.jpg,640,480,talking to passenger,28,0,574,466
img_641_jpg.rf.d55c519c75764c5840c53832c1a83073.jpg,640,480,talking on the phone,26,57,531,438
img_101370_jpg.rf.d52f76ca770a24755f854034cf5c08e4.jpg,640,480,talking to passenger,36,7,600,479
img_212_jpg.rf.d56cabe938522e041710780e12428a3a.jpg,640,480,drinking,61,65,576,474
img_100368_jpg.rf.d58f38ba203915d93ccfe204248fa12c.jpg,640,480,hair and makeup,58,12,599,458
img_97728_jpg.rf.d5be6a2f5cc0b8e824452e800a877cb0.jpg,640,480,texting,76,17,631,410
img_995_jpg.rf.d5c7d1d599afef5cd3dc271950d456af.jpg,640,480,reaching behind,1,50,493,479
img_503_jpg.rf.d5d82e8635a194e29f0f63069dae89a4.jpg,640,480,talking on the phone,33,45,530,319
img_665_jpg.rf.d5f1461414c9aa97816f590da47b7a90.jpg,640,480,texting,125,4,634,413
img_116_jpg.rf.d5e0d26f7c628d0052990ed64cb39479.jpg,640,480,reaching behind,0,43,633,410
img_89613_jpg.rf.d5f7baacace57476f8138721bbb5c39c.jpg,640,480,safe driving,48,29,595,439
img_4158_jpg.rf.d60dcda4a6a54738de936c9224fc7381.jpg,640,480,drinking,42,9,597,479
img_90146_jpg.rf.d6aad90c6da423b8583a103f77315538.jpg,640,480,safe driving,93,2,639,390
img_93274_jpg.rf.d6b5f9b25b94861dcb722873e021188d.jpg,640,480,texting,126,8,639,479
img_2917_jpg.rf.d65cea9981c52c4a43fe4e18f5aa7eb8.jpg,640,480,texting,139,61,614,479
img_2497_jpg.rf.d6e0cac83b14e36e96a72c1346385f04.jpg,640,480,operating the radio,119,70,639,448
img_3000_jpg.rf.d7b2c988532bde3c0615557fe1ee145f.jpg,640,480,reaching behind,40,69,596,479
img_101868_jpg.rf.d771376801ff84e974fc611e55c841a4.jpg,640,480,reaching behind,0,0,591,479
img_1942_jpg.rf.d794ee250c1d93901c2a49e313452e64.jpg,640,480,safe driving,90,86,576,411
img_101873_jpg.rf.d7ea1fbcaf9509c4d57b3939e7ea0819.jpg,640,480,operating the radio,174,60,639,457
img_921_jpg.rf.d800b0718ec0c9851bd93038e6125c97.jpg,640,480,hair and makeup,75,23,604,447
img_1552_jpg.rf.d8137155cfad6ea9487c87fab6462785.jpg,640,480,talking on the phone,130,66,638,408
img_3014_jpg.rf.d8706408c4f20b3944c40d5ac76b8b8e.jpg,640,480,texting,19,47,531,479
img_379_jpg.rf.d8f1bd30104971bc59f49ef78859dbb1.jpg,640,480,talking on the phone,82,0,639,402
img_1202_jpg.rf.d8f1bdbd82c659e0dd7913f89294d736.jpg,640,480,talking on the phone,166,6,616,387
img_5046_jpg.rf.d992a6decee6323aa8bebfa56b44af15.jpg,640,480,reaching behind,19,65,595,479
img_3845_jpg.rf.d8f2be269dc0b3e80445fc61038ba0bb.jpg,640,480,talking to passenger,97,74,508,442
img_97080_jpg.rf.d9de83dc7485dde71c7527e60baa1f3c.jpg,640,480,texting,168,0,639,378
img_1881_jpg.rf.d9e3caaa60ba190765b781b16f4f02cc.jpg,640,480,reaching behind,0,30,512,478
img_3759_jpg.rf.d9667888f77f5f4c3dd04f4b1fd14ba5.jpg,640,480,talking on the phone,21,23,471,434
img_3196_jpg.rf.d9e897b87fc0e818dae540f08df1f7d8.jpg,640,480,texting,92,61,482,479
img_2810_jpg.rf.d9d01e190134b033e750bb1503852959.jpg,640,480,talking on the phone,141,3,605,371
img_3879_jpg.rf.d9eaa473d7558b9035601166cfb6cc71.jpg,640,480,texting,69,9,458,404
img_274_jpg.rf.da01781c073986236b449189f9eee8c8.jpg,640,480,operating the radio,77,44,639,472
img_499_jpg.rf.da243743d163fbb8ea48970d11a2212e.jpg,640,480,talking on the phone,9,0,604,479
img_101873_jpg.rf.da1128f19415b69527897df5a76ab484.jpg,640,480,operating the radio,149,45,639,479
img_2635_jpg.rf.dab8e279c5ddca642e9efcac212a721c.jpg,640,480,drinking,49,25,459,448
img_3007_jpg.rf.daf06f20a731f1ce0098b0bd130e6e16.jpg,640,480,reaching behind,0,130,493,477
img_3024_jpg.rf.db4f5b62881d9fbfe1d9383b68ee532a.jpg,640,480,talking on the phone,89,78,482,386
img_340_jpg.rf.db5a4f18031c66570054b7ce40503d76.jpg,640,480,reaching behind,0,49,553,464
img_124_jpg.rf.db8d0e21f64d43d31650dce9cfbe4140.jpg,640,480,drinking,53,11,539,455
img_671_jpg.rf.dc3d944907babd71f8db1890d56bd5e5.jpg,640,480,hair and makeup,188,0,639,395
img_101984_jpg.rf.db97eb535485d101bcc29d8e370fcdc5.jpg,640,480,hair and makeup,11,10,597,452
img_5000_jpg.rf.dd168185e0d9c1859748b782e1969f83.jpg,640,480,talking to passenger,66,40,578,437
img_101130_jpg.rf.dc54e1d6d5edecde3fa9403e2d59ad7d.jpg,640,480,texting,17,15,538,359
img_2955_jpg.rf.dabc90939cf6fecc5c85df9ccc15c8d5.jpg,640,480,talking to passenger,129,13,609,427
img_2558_jpg.rf.dd69e3b36f51015ac9d8f10a05efd85c.jpg,640,480,texting,54,16,530,341
img_557_jpg.rf.dd15a64625860aaa6d251ec64f23c7c0.jpg,640,480,texting,110,0,639,479
img_381_jpg.rf.dda9ddb747b299a8483cc1e19423f3ef.jpg,640,480,talking on the phone,126,0,639,457
img_65494_jpg.rf.ddb00dec0c46f2bb1ba04e8c4383840d.jpg,640,480,safe driving,26,0,552,419
img_118_jpg.rf.de22ab9220a1e5bb3a78a11e2abbf398.jpg,640,480,operating the radio,163,34,639,439
img_101593_jpg.rf.de1a5555fe9556ccbd21a237f6b63b68.jpg,640,480,reaching behind,79,1,639,446
img_3382_jpg.rf.de5ddd76b87e1576c0b413d6f12bd775.jpg,640,480,reaching behind,34,26,487,479
img_4106_jpg.rf.de70707706ddb1cbe32c87260e8cd67b.jpg,640,480,texting,155,7,639,365
img_101909_jpg.rf.dea09db9acc22294456da0fa9161f620.jpg,640,480,operating the radio,131,54,639,420
img_34_jpg.rf.de38f520a164953d071cc13552189c9c.jpg,640,480,safe driving,35,41,525,340
img_2267_jpg.rf.dec464143f58d6edb1fade8a90cb0b1f.jpg,640,480,talking to passenger,30,81,542,469
img_213_jpg.rf.df6bb242a9c65e3d75afe484f778d3d6.jpg,640,480,drinking,13,32,565,445
img_397_jpg.rf.dfcfac18331354ffc59f33c7a72a1459.jpg,640,480,drinking,64,25,593,479
img_89892_jpg.rf.dfe16afd00cf7c98b60e4ca66d6c3620.jpg,640,480,safe driving,106,0,639,435
img_67110_jpg.rf.dfc7a43b1d788d86748b95ecb2ff12df.jpg,640,480,safe driving,86,9,639,412
img_578_jpg.rf.e0000708695388da3cd7da2deaba40c1.jpg,640,480,operating the radio,112,70,639,455
img_3512_jpg.rf.dffe148bb7f64329a949197c2c18662d.jpg,640,480,talking to passenger,40,59,489,479
img_138_jpg.rf.e00ca5855e2779ee71d6402e6fc43f81.jpg,640,480,operating the radio,84,74,639,478
img_5175_jpg.rf.e044e4de17d8c71cddeedd193dfdf80e.jpg,640,480,reaching behind,0,63,569,478
img_65313_jpg.rf.e0941bcad3eb783e39dfe4b8d0171c0e.jpg,640,480,safe driving,51,35,573,451
img_3013_jpg.rf.e058d86005116b9f5235575ac3c83805.jpg,640,480,texting,84,31,514,476
img_2020_jpg.rf.e1061aee0fd68e1aa5d1db39d61828fe.jpg,640,480,reaching behind,68,170,500,479
img_50_jpg.rf.e16b564ec40f3c8842f6548dd2d19bb7.jpg,640,480,talking to passenger,65,0,527,423
img_195_jpg.rf.e1caa64475da2087ff94ca29e7bdecc1.jpg,640,480,drinking,22,0,561,416
img_92506_jpg.rf.e146a1d1fbfaac3e2e1cf93fb5e21167.jpg,640,480,texting,72,25,587,479
img_104_jpg.rf.e2157257a83b26a49dd3c5fada09d996.jpg,640,480,safe driving,55,0,519,428
img_1063_jpg.rf.e1c425fcfe81a8151d5a9f6b4dde0a11.jpg,640,480,safe driving,203,0,638,294
img_414_jpg.rf.e26155d7e2015185739164c83a82277d.jpg,640,480,safe driving,80,25,583,399
img_3014_jpg.rf.e26b0490f23d1bad9ec40083506d870f.jpg,640,480,texting,19,47,531,479
img_3348_jpg.rf.e1d6a12661a1d32bddfe9a33a9f901e2.jpg,640,480,talking on the phone,90,73,565,474
img_102083_jpg.rf.e26c078c3766d741c471b7c847871ed4.jpg,640,480,talking on the phone,123,0,639,382
img_3013_jpg.rf.e2afa7c860f5fad4ded3cdba2d8eb7af.jpg,640,480,texting,84,31,514,476
img_2669_jpg.rf.e29a31a0fb4997e7c52c3b831d98aed4.jpg,640,480,talking on the phone,63,0,523,410
img_420_jpg.rf.e2c3278a08e7ec8953eeccaba8711753.jpg,640,480,hair and makeup,74,36,587,434
img_1713_jpg.rf.e2db8bcc9ae966453897cf79c338966a.jpg,640,480,talking on the phone,59,44,501,437
img_4439_jpg.rf.e33801a114cc2244b9cef0b4df701062.jpg,640,480,talking on the phone,112,68,564,440
img_5498_jpg.rf.e3055f6c854731732aaf484f2ac555d0.jpg,640,480,hair and makeup,96,59,499,416
img_271_jpg.rf.e2eb6fc2d377cc5de7c1976455b6720a.jpg,640,480,talking on the phone,158,10,639,386
img_1133_jpg.rf.e3be13cbc0c26b07c41a3bf465d03bb5.jpg,640,480,drinking,53,77,476,479
img_100499_jpg.rf.e3c6ef725d34d57cb2af558e9016c3cf.jpg,640,480,talking to passenger,134,65,626,400
img_1012_jpg.rf.e3fc59951eee7281775010104f8b9ce8.jpg,640,480,talking to passenger,78,65,512,479
img_213_jpg.rf.e3ed5bbe9feb9e477f10b25c5d115d17.jpg,640,480,drinking,5,14,574,452
img_711_jpg.rf.e4075289cf389baaf2f9712e4962d855.jpg,640,480,hair and makeup,132,0,639,353
img_302_jpg.rf.e40cf69ac2adab2673b2491b4d9bd0b4.jpg,640,480,hair and makeup,28,35,569,450
img_186_jpg.rf.e45cdc4651e3d0bb840f2c1a4c5419d8.jpg,640,480,talking on the phone,49,75,563,462
img_421_jpg.rf.e4f2a696ee98bee3a7ca152af03659b6.jpg,640,480,reaching behind,31,37,487,479
img_1766_jpg.rf.e51ca095eca0809ee228659de799d464.jpg,640,480,drinking,81,58,500,443
img_100472_jpg.rf.e54b03b2aa203beb0678239fec0d4441.jpg,640,480,operating the radio,7,34,639,479
img_101868_jpg.rf.e5b7cc2f5e6ce1ecd99b4da095deb3f6.jpg,640,480,reaching behind,0,0,591,479
img_798_jpg.rf.e5f36c1fd26dd453068f6b709d910cde.jpg,640,480,hair and makeup,26,31,579,414
img_4384_jpg.rf.e5536df26e760da39c18f1f1499591ac.jpg,640,480,hair and makeup,28,55,498,445
img_3032_jpg.rf.e60114e3d596ff00397701f07cac096d.jpg,640,480,talking on the phone,156,74,576,396
img_101011_jpg.rf.e60c3474ba5e617b85cdf1b8bff44715.jpg,640,480,operating the radio,114,38,639,479
img_3484_jpg.rf.e683c88f2880d8e5c61cb2fc9acfb7b5.jpg,640,480,talking to passenger,130,14,639,317
img_100334_jpg.rf.e6e259971570c6e868fd9c061b4be400.jpg,640,480,operating the radio,96,37,639,422
img_204_jpg.rf.e6ac826ff1ac6c266080da3132b8de68.jpg,640,480,texting,59,16,601,479
img_380_jpg.rf.e6781b5bca8f6f05c4d27818cdf9efa7.jpg,640,480,drinking,36,64,488,435
img_233_jpg.rf.e75492a9d70839947d753e5b4ecc6f1e.jpg,640,480,reaching behind,33,79,568,479
img_67048_jpg.rf.e6fc9104474d4a8a8744e85d070eb487.jpg,640,480,safe driving,9,0,573,409
img_3854_jpg.rf.e7b1e68f5deea5c36c58ec58917bbf2a.jpg,640,480,talking to passenger,44,42,517,424
img_3657_jpg.rf.e7c961016d541c588612f53a9d06cb0c.jpg,640,480,reaching behind,2,77,519,479
img_67110_jpg.rf.e6ec1e5605f7d1159e67d5c5e16cd6f6.jpg,640,480,safe driving,93,20,639,405
img_100589_jpg.rf.e836140a23531c6ac366c74e7158427d.jpg,640,480,talking to passenger,30,0,570,463
img_2953_jpg.rf.e834b4268d2e3c55178d0e7e58a026a8.jpg,640,480,talking on the phone,61,28,518,379
img_1024_jpg.rf.e84f2b19804b92acee6e60899d22fb1d.jpg,640,480,operating the radio,51,29,639,479
img_3006_jpg.rf.e84f8d612cca1bcb0943fff532f6127d.jpg,640,480,talking on the phone,160,10,629,356
img_494_jpg.rf.e86227b8b9d4a58d0dcb56f6f227b81b.jpg,640,480,talking on the phone,132,70,627,434
img_102018_jpg.rf.e83b98228ecc496abe2d09a9c7e54302.jpg,640,480,drinking,154,0,639,397
img_2499_jpg.rf.e85e5040fbf8948b83fb3ebbf7693d9c.jpg,640,480,talking on the phone,79,13,507,337
img_101814_jpg.rf.e83a3217d55ddb965836c1f11c5c1fae.jpg,640,480,hair and makeup,0,0,607,408
img_3628_jpg.rf.e86ec0e768ed649e2478df8921fedd7e.jpg,640,480,drinking,140,63,594,467
img_63_jpg.rf.e89cecf8bd742035113d437b441a4cc7.jpg,640,480,operating the radio,215,0,639,479
img_1024_jpg.rf.e8aab73ae28b3355225e3e71e1b650ec.jpg,640,480,operating the radio,77,62,639,435
img_573_jpg.rf.e878ceacac6c2ced4c5848e6e48560b5.jpg,640,480,operating the radio,100,0,639,479
img_3392_jpg.rf.e8db358772436ea6e2b412df223b20ca.jpg,640,480,texting,69,65,542,447
img_100499_jpg.rf.e8f6ff2c7b6864095250a7b0ccd85f9e.jpg,640,480,talking to passenger,106,33,639,462
img_2421_jpg.rf.e8e929c3b3de7fa3b44407cd3d8758e4.jpg,640,480,hair and makeup,41,66,491,417
img_922_jpg.rf.e902b5fe5ad846627b90fcf928108b21.jpg,640,480,hair and makeup,120,0,639,344
img_101312_jpg.rf.e954caab521cde1fa1592a6eda66e8f9.jpg,640,480,talking on the phone,39,0,594,479
img_253_jpg.rf.e925d1440ecacc8c2384139362bb24d5.jpg,640,480,talking on the phone,25,0,564,438
img_3025_jpg.rf.e9a06a72d645d1a01993949f1a73f285.jpg,640,480,texting,134,11,639,343
img_1746_jpg.rf.e9a4bd782e663f502773e9b36212269b.jpg,640,480,safe driving,136,4,639,334
img_3742_jpg.rf.e9aaeae98a9265f979ab9733bfa8e812.jpg,640,480,talking on the phone,107,23,639,425
img_101631_jpg.rf.e9c2789ded9c7b0b63103786102efb6d.jpg,640,480,talking on the phone,76,24,568,470
img_1146_jpg.rf.eb0e1d568df8b1f00ac603254ba698e5.jpg,640,480,hair and makeup,90,58,528,403
img_101029_jpg.rf.eaccddff5f828540f01ee46030a8b521.jpg,640,480,talking on the phone,57,0,541,375
img_101908_jpg.rf.eb1b5b6fa42769ba4e31c816d8832fbf.jpg,640,480,drinking,115,56,633,477
img_895_jpg.rf.eb3e85a9aa49472817bae8184ac4c324.jpg,640,480,hair and makeup,13,0,585,459
img_92468_jpg.rf.eb9454dab1c638d080cd5307b2baa980.jpg,640,480,safe driving,86,54,596,433
img_845_jpg.rf.ebf66922840cd2e2ec7ca5e2573c04f1.jpg,640,480,reaching behind,111,0,639,408
img_2518_jpg.rf.ec66a495df7f32d56b553991cdad4a30.jpg,640,480,talking on the phone,147,69,573,399
img_3600_jpg.rf.ec8b2e809ec466d23622ad081ba8307a.jpg,640,480,safe driving,59,22,466,463
img_2166_jpg.rf.ec6a74ae21564ea4c04ed9101b26d788.jpg,640,480,talking to passenger,63,39,573,398
img_102005_jpg.rf.ec5aff1580df94f86a01bd964fc0dbee.jpg,640,480,hair and makeup,11,0,547,397
img_4541_jpg.rf.ecc691c428fff56f02b76146dd7cc991.jpg,640,480,talking to passenger,80,8,456,413
img_1723_jpg.rf.eca0d46f3b386d6648cfd1c7b781b466.jpg,640,480,operating the radio,97,29,639,436
img_769_jpg.rf.ecbdab74846bbbad4afd2ebe76018862.jpg,640,480,talking to passenger,146,74,620,363
img_3831_jpg.rf.ed00ff6c4b63e8828efc20999a8f5016.jpg,640,480,texting,94,74,558,447
img_4183_jpg.rf.ed442ef25cab9bf556cbb098e3a9588b.jpg,640,480,texting,154,30,634,366
img_904_jpg.rf.eddaca9348bd1a44628fa8e63c3ce78c.jpg,640,480,reaching behind,55,43,589,479
img_101905_jpg.rf.eea8546ffebd652b31436de43a076e9e.jpg,640,480,reaching behind,81,0,639,479
img_247_jpg.rf.ed9ce249afc9eeaa4d4ef81b8bd2c67b.jpg,640,480,hair and makeup,122,56,632,369
img_926_jpg.rf.eeb8360088bd54b37edbee072cf85142.jpg,640,480,hair and makeup,124,63,511,351
img_1906_jpg.rf.3b5d61278766bd34cf4a1e9071171755.jpg,640,480,drinking,85,39,550,479
img_2101_jpg.rf.3af0e1c28b6915d571bbc99bd3620a43.jpg,640,480,safe driving,81,55,515,376
img_1973_jpg.rf.38dad368601ffa5efe08b858c2bffaab.jpg,640,480,hair and makeup,19,70,495,387
img_68450_jpg.rf.3b31aa8368ddedd7987a953bdb883a62.jpg,640,480,safe driving,27,49,568,441
img_102020_jpg.rf.3a8844507aafa011fe8f54cfbe174a7e.jpg,640,480,drinking,47,0,639,479
img_3938_jpg.rf.3a1783e074ae3f495cc8376df87e0f00.jpg,640,480,talking on the phone,44,24,489,363
img_719_jpg.rf.3c1968eb6f32d2e6cd73bd9f57c5064e.jpg,640,480,reaching behind,0,62,560,479
img_921_jpg.rf.391371b4b0fd1b3fa8d740926250e489.jpg,640,480,hair and makeup,89,44,585,416
img_1928_jpg.rf.3c004736ae77162f036e80cbd98f4ee9.jpg,640,480,safe driving,144,12,639,365
img_2723_jpg.rf.3a2873609c44cf379906b5d2dfdc4595.jpg,640,480,talking to passenger,176,9,616,368
img_1048_jpg.rf.385459b792b0a864dc6d437145e7908b.jpg,640,480,operating the radio,150,31,639,456
img_448_jpg.rf.3ab94a2670f52e25721ea08f356993fc.jpg,640,480,texting,60,32,542,471
img_69558_jpg.rf.3b691706f3144b4188f0a069496a41f2.jpg,640,480,safe driving,28,65,558,417
img_94_jpg.rf.3afdce67720518204512362946a69e20.jpg,640,480,talking on the phone,81,0,639,443
img_89621_jpg.rf.382b15de1db35464a071800df86951c7.jpg,640,480,safe driving,124,0,639,403
img_955_jpg.rf.38b498a8a7b8ac592d74bef9edfbba59.jpg,640,480,texting,140,77,589,397
img_5_jpg.rf.3a5d8714384a97fce8ae2e5bd8955de2.jpg,640,480,texting,35,0,554,400
img_1756_jpg.rf.3a8aad3d5773a2ad0a9f5e7aaa304851.jpg,640,480,texting,63,73,512,461
img_101578_jpg.rf.3a680f7af609fb96e8505c42184fc5e0.jpg,640,480,operating the radio,79,25,639,479
img_1106_jpg.rf.3c4aa8f3b2ab262d972ab6ad4e41c2cd.jpg,640,480,talking on the phone,132,69,630,445
img_3093_jpg.rf.37e7d7bc25537492751c79c2ac8542dc.jpg,640,480,safe driving,53,69,555,454
img_623_jpg.rf.3c51dd31674a9389673b67b44448ba3a.jpg,640,480,texting,43,28,544,479
img_101734_jpg.rf.3ac56a69c887457dc5439d04cff184f5.jpg,640,480,operating the radio,84,63,639,475
img_100299_jpg.rf.39210ae94d7e464baacd39e721a4263d.jpg,640,480,talking to passenger,45,0,553,429
img_92374_jpg.rf.3898f842f3039eff3c26d646a33a15a5.jpg,640,480,texting,98,55,551,479
img_101258_jpg.rf.3c4be391b28c82a13110dd4509bd8dcd.jpg,640,480,talking on the phone,103,0,639,449
img_4983_jpg.rf.3c8de14130371821a147bd6404f375f1.jpg,640,480,safe driving,110,73,529,388
img_7856_jpg.rf.3b18d48f4af5cd6d829a737c96f7eadd.jpg,640,480,talking to passenger,65,17,624,458
img_3594_jpg.rf.3a90a13d3b2c1a7a46eee603c7b07281.jpg,640,480,talking on the phone,57,72,562,455
img_2876_jpg.rf.3c9638163caa53ce655d847d27af2620.jpg,640,480,hair and makeup,44,29,558,321
img_440_jpg.rf.3cefbe9684043e717d8a031f43ad6b7f.jpg,640,480,talking on the phone,80,59,522,384
img_2998_jpg.rf.3c9dd8625d4ee027a70dba9f68544619.jpg,640,480,drinking,94,9,449,384
img_5364_jpg.rf.3cdfcbd80d2bca6682a1f59fa385d471.jpg,640,480,hair and makeup,72,58,568,432
img_1797_jpg.rf.3d8c54137685f0bcaf882ddb677bf38f.jpg,640,480,operating the radio,66,51,639,459
img_3726_jpg.rf.3d6b5cb68defe50768261515bd0afe70.jpg,640,480,safe driving,149,70,607,378
img_1844_jpg.rf.3e26d1947037e925180addc63cd54e0c.jpg,640,480,texting,96,74,479,438
img_4353_jpg.rf.3d4c48fdaf8396d432cbeaab25fc268f.jpg,640,480,talking on the phone,72,68,552,443
img_444_jpg.rf.3ebc0a341ffbe122f722c422d56ba24c.jpg,640,480,operating the radio,209,68,639,423
img_93605_jpg.rf.3edfff5e418f59566a2d045ad95b55cb.jpg,640,480,texting,58,20,525,452
img_717_jpg.rf.3ea9964e65801545731199cc5110ca87.jpg,640,480,operating the radio,122,0,639,479
img_90156_jpg.rf.3ef2594991e88d41128669025db4a843.jpg,640,480,safe driving,86,38,541,391
img_101078_jpg.rf.3f25088bcd87ae19d9e821e44c8b099e.jpg,640,480,talking to passenger,118,45,639,441
img_4391_jpg.rf.3f3189f5cf5a330440e444aaeec24051.jpg,640,480,talking on the phone,143,60,625,450
img_102020_jpg.rf.3f367931dc21c9062a2873b21fa814b9.jpg,640,480,drinking,39,0,639,479
img_2744_jpg.rf.3f2960235fad45adfa45aa7556bfd100.jpg,640,480,texting,93,75,485,443
img_5913_jpg.rf.3f6835959847f6ab867d8b4f21fc411c.jpg,640,480,hair and makeup,79,18,598,431
img_101578_jpg.rf.3f512958e851140c42302ce7a8cd3918.jpg,640,480,operating the radio,112,58,639,439
img_3012_jpg.rf.3f45a4a18717af1468e912f5787fa493.jpg,640,480,reaching behind,104,23,601,479
img_597_jpg.rf.3f7017893641de18686bbddaad27b050.jpg,640,480,talking on the phone,101,32,626,387
img_727_jpg.rf.3f84f6ccd08412593b353fd982d10eeb.jpg,640,480,reaching behind,34,85,594,479
img_92383_jpg.rf.4012458ace255d0bce4ce213c0c06826.jpg,640,480,texting,134,0,639,455
img_1504_jpg.rf.3f9bd8736aa2fb372166653565c7f527.jpg,640,480,talking on the phone,156,11,639,389
img_100472_jpg.rf.3fd5f64d1ac34a9a52859cd7d893fdbb.jpg,640,480,operating the radio,2,6,639,479
img_2995_jpg.rf.4040f53b84968e2b3670dff9e95bba90.jpg,640,480,texting,70,69,505,390
img_101544_jpg.rf.4017c62b5892c8c487a871900993c1c0.jpg,640,480,operating the radio,140,11,639,446
img_3155_jpg.rf.40aa43f03462999d8750bd50481f30c0.jpg,640,480,talking to passenger,107,79,559,479
img_102018_jpg.rf.409d3d2ddbb0df3a19b02d421d586607.jpg,640,480,drinking,105,0,639,417
img_3063_jpg.rf.40be1fb00298de1b0333a21634bdf692.jpg,640,480,talking on the phone,106,70,564,432
img_3629_jpg.rf.40dec554eaa45b8d8dce6893b1b64f9c.jpg,640,480,drinking,116,77,526,466
img_1198_jpg.rf.4103494cd77b2f260719c5c5242eee4b.jpg,640,480,drinking,31,75,516,447
img_1644_jpg.rf.414cb02e7c05bcb76be649049ecea415.jpg,640,480,reaching behind,63,106,634,479
img_493_jpg.rf.415af977434cac28d6b215c1c3908ce6.jpg,640,480,talking to passenger,70,37,553,419
img_2956_jpg.rf.41511475a9ebe3613269bf2ca443e1fd.jpg,640,480,texting,157,69,580,394
img_247_jpg.rf.41995dbe9830f5a3e913b052a8eb1afc.jpg,640,480,hair and makeup,85,0,639,412
img_1048_jpg.rf.41947a37083702edc180f16a903e07a2.jpg,640,480,operating the radio,143,16,639,457
img_875_jpg.rf.41b2210e2320b0b1a634aff5110f3a4f.jpg,640,480,drinking,126,67,603,476
img_68933_jpg.rf.41cbca8b96b77551a3b42b5eb10e3615.jpg,640,480,safe driving,50,20,598,425
img_102056_jpg.rf.4277d97467edc0429f24f370f3a89272.jpg,640,480,drinking,156,0,639,409
img_922_jpg.rf.42610c88fb0c6a26c05efa3ddd178c53.jpg,640,480,hair and makeup,95,0,639,367
img_3359_jpg.rf.4280d23ab6d7f19496c7cf8c127fd4a6.jpg,640,480,drinking,42,64,488,455
img_812_jpg.rf.42dd477991af9ae1f5ba37b056481ccd.jpg,640,480,hair and makeup,13,20,593,478
img_1401_jpg.rf.430611c4edfcd389c086ed9c359c4fc0.jpg,640,480,operating the radio,155,63,639,477
img_297_jpg.rf.43118575b773e6573c74e9c90fcd1283.jpg,640,480,drinking,89,20,639,408
img_101349_jpg.rf.4367e11cc7bdad6f4efdcd811ab5d991.jpg,640,480,talking on the phone,23,13,593,477
img_173_jpg.rf.441392973fc44a72291c224d593abbaf.jpg,640,480,talking on the phone,90,46,570,451
img_5_jpg.rf.43525e3d36cd5f1a0cc6587752ff0e55.jpg,640,480,texting,28,0,569,415
img_652_jpg.rf.448f0a667d6657ececfb24cb0f4438e0.jpg,640,480,reaching behind,0,5,544,456
img_2663_jpg.rf.4477280010d53bffce949452400b2be2.jpg,640,480,texting,106,22,622,472
img_763_jpg.rf.44af22b0aa179903fbc1a213b6e05841.jpg,640,480,talking to passenger,1,51,532,421
img_100215_jpg.rf.44f151e3704d11bda480e2b1da61e963.jpg,640,480,operating the radio,0,20,639,471
img_101312_jpg.rf.452009eacf782d473ed42c0258f5b786.jpg,640,480,talking on the phone,71,36,562,444
img_101770_jpg.rf.450a2cf27350f368e4882ba135840eed.jpg,640,480,hair and makeup,68,0,610,479
img_942_jpg.rf.45994d7e96e623ad2c971a7c2b8cecf6.jpg,640,480,texting,118,23,626,479
img_3837_jpg.rf.45e01da5b7d08d2348d24084918a276e.jpg,640,480,talking on the phone,119,81,529,472
img_382_jpg.rf.45cd3a116fa7771729f97ee16c46bce8.jpg,640,480,talking to passenger,6,52,536,423
img_904_jpg.rf.461f18c9ec74c6ae0d543127ddd18fa9.jpg,640,480,reaching behind,57,12,639,449
img_173_jpg.rf.46470c465b7eda736164826bbba48f57.jpg,640,480,talking on the phone,88,41,574,453
img_100697_jpg.rf.46a18f0b9f5ba41c2e9d8e620d92fb35.jpg,640,480,talking to passenger,89,44,576,447
img_445_jpg.rf.46c42230fcd28cd5f967951e03c10edf.jpg,640,480,talking on the phone,0,32,604,479
img_2641_jpg.rf.46b37d0c9c9fd76fdbfead93e0fe76c8.jpg,640,480,talking on the phone,152,9,639,370
img_101713_jpg.rf.4715a2ebd3c9a08a5116374b3f9024a7.jpg,640,480,drinking,111,0,639,411
img_2333_jpg.rf.472e11733b23ba17cf9da04e9f58dec1.jpg,640,480,texting,23,47,488,470
img_2015_jpg.rf.4781f9e404d3a5bd435f120b143c4c73.jpg,640,480,reaching behind,0,91,627,478
img_2813_jpg.rf.47ab773c2e936b7f17a11d9a840594e1.jpg,640,480,safe driving,149,9,639,332
img_297_jpg.rf.47bca36d851263ae7fb93cfbc41d179d.jpg,640,480,drinking,61,0,639,427
img_3039_jpg.rf.47c0772d0f998d9c5564bbbc5db31204.jpg,640,480,texting,95,70,568,433
img_2476_jpg.rf.4806e78bfea441186b4822f48c552d06.jpg,640,480,talking to passenger,60,33,579,411
img_101320_jpg.rf.483275d84c1785ec85c9ef0261973ad8.jpg,640,480,operating the radio,125,23,639,479
img_4099_jpg.rf.484e93fc20d2079bb015614db92e2d12.jpg,640,480,texting,105,23,533,473
img_5610_jpg.rf.48c43167ca108fbc9c99580b59e89ca8.jpg,640,480,reaching behind,10,37,535,415
img_4221_jpg.rf.48f179e545e5773937304f4ac41a8080.jpg,640,480,talking on the phone,102,26,602,360
img_1290_jpg.rf.48cb4cc49b00bef048931d3182ec26b6.jpg,640,480,operating the radio,120,7,639,404
img_2205_jpg.rf.48f324c5897636245fdacb52d9228936.jpg,640,480,safe driving,176,0,639,388
img_2632_jpg.rf.49b30b8f320c6a71202fb468055fb29c.jpg,640,480,talking on the phone,72,32,521,475
img_3004_jpg.rf.4993ff23e69db14773c398ddb809bbb1.jpg,640,480,drinking,20,48,566,473
img_100299_jpg.rf.4a50b7ceb2e51b855afd35255dfbd984.jpg,640,480,talking to passenger,38,0,563,439
img_4102_jpg.rf.4aab6194db8cf2bf78fe14d6d1ece642.jpg,640,480,talking to passenger,44,64,496,479
img_443_jpg.rf.4aeae6a791ab99fcbd47f8076df975c3.jpg,640,480,operating the radio,189,49,639,471
img_3643_jpg.rf.4b7f8d5f475f60bf1497073b93c7135c.jpg,640,480,reaching behind,0,82,520,479
img_1441_jpg.rf.4ab83ab1058a1954620f532d8288aa47.jpg,640,480,talking on the phone,147,78,602,402
img_3115_jpg.rf.4ba899a9610e2d57db2bc07f9015ccca.jpg,640,480,texting,111,18,618,479
img_491_jpg.rf.4b00d7a31069d2f41228ceaa9d7d5275.jpg,640,480,drinking,22,25,562,479
img_397_jpg.rf.4b8d8aa4839c3f86767baca1bffe0fd4.jpg,640,480,drinking,70,32,587,479
img_2841_jpg.rf.4bb5865f4560e1410bb57d55fe1c2954.jpg,640,480,reaching behind,0,53,515,479
img_735_jpg.rf.4c1e20e969f0c1fa642ce2157fc73bea.jpg,640,480,operating the radio,231,0,639,448
img_5005_jpg.rf.4c1b6075cf80835f05760806ceb80513.jpg,640,480,hair and makeup,29,75,496,457
img_208_jpg.rf.4bf4a4d507b50418eddf2235197497d3.jpg,640,480,safe driving,80,20,582,412
img_233_jpg.rf.4c33c082409d54866b20994b7f99ccd8.jpg,640,480,reaching behind,54,55,639,441
img_5377_jpg.rf.4c5396bad6965349c78cc3ed30ad721b.jpg,640,480,hair and makeup,69,56,466,474
img_659_jpg.rf.4c2011a90a71b8341b0dd7fb60052bab.jpg,640,480,operating the radio,169,0,639,456
img_337_jpg.rf.4c566918115bb50f6c967cee6b465fee.jpg,640,480,talking to passenger,42,0,559,436
img_590_jpg.rf.4cae0c4173c74cc8a3a114269498f279.jpg,640,480,drinking,62,46,576,459
img_16_jpg.rf.4ce6a67453ffd7f782d49394eb0e1c59.jpg,640,480,drinking,138,28,593,400
img_981_jpg.rf.4cc65e0e7ea25b76505a36e6eb18637d.jpg,640,480,safe driving,97,71,592,410
img_102018_jpg.rf.4cd293b074e853f92ba43ec7a38637d0.jpg,640,480,drinking,137,0,639,438
img_924_jpg.rf.4d32698cdaf9394e57999b221a0c9e5b.jpg,640,480,texting,90,64,521,479
img_3761_jpg.rf.4d1a5e5e9b58290fe063cf1578f7e5c4.jpg,640,480,talking on the phone,109,84,543,475
img_139_jpg.rf.4d734fef6f98ab62a0cb59ffb610b295.jpg,640,480,safe driving,69,13,505,366
img_54_jpg.rf.4d6f47b2ead4a252a2efedd28d9f9918.jpg,640,480,talking to passenger,60,0,513,426
img_3469_jpg.rf.4e55d51f430d4e013359c354b5725fad.jpg,640,480,reaching behind,0,109,500,479
img_3835_jpg.rf.4efce9db67744e3558a2a5abc4d0999e.jpg,640,480,hair and makeup,140,7,639,311
img_3158_jpg.rf.4de71999c646dc0b107c5d6a9527e546.jpg,640,480,operating the radio,62,24,639,351
img_2338_jpg.rf.4fb740e0b692d4cbd43ea37b5641a9ff.jpg,640,480,operating the radio,193,7,639,355
img_2311_jpg.rf.4fad43d4bfb21b7f5877e9bf2a1ec3f1.jpg,640,480,texting,38,39,532,346
img_3024_jpg.rf.4fdd743937fccdf97ba81f61e60ad503.jpg,640,480,talking on the phone,89,78,482,386
img_1641_jpg.rf.4fca6a93ffb0eaa0c6831c3428ac11e5.jpg,640,480,drinking,111,76,568,468
img_1703_jpg.rf.505c476151d09cc672a785bec266f287.jpg,640,480,talking on the phone,138,8,607,381
img_68450_jpg.rf.50784bdd95bdd2e0e40ed6e3a1e10a51.jpg,640,480,safe driving,14,30,585,471
img_659_jpg.rf.4fea4486fe693278746786222729b796.jpg,640,480,operating the radio,180,0,639,394
img_0_jpg.rf.508c75b6cac4036262a4cb346ee9a317.jpg,640,480,drinking,149,76,557,423
img_2266_jpg.rf.5055a08c586d75c5a42de0610bf79708.jpg,640,480,drinking,149,77,574,447
img_2209_jpg.rf.50dd051c5d68d0eaa24f6f7ed4e5d7d0.jpg,640,480,drinking,52,0,437,390
img_5177_jpg.rf.513efe096bf6aad0899e126c441bd9df.jpg,640,480,talking to passenger,117,63,524,394
img_1197_jpg.rf.5158fbfcdf5293d53fe4f664934cc3f5.jpg,640,480,safe driving,41,55,550,479
img_357_jpg.rf.5164a773062891b9f3f509cd5714ff6d.jpg,640,480,texting,85,48,549,465
img_3078_jpg.rf.517c965e2e2defd4b32b54108a5a935e.jpg,640,480,texting,148,4,639,368
img_101698_jpg.rf.51965f2c6c79248b040870e067a355da.jpg,640,480,reaching behind,0,0,616,479
img_3343_jpg.rf.51d1a753c2480b6809671fd9c29e87c6.jpg,640,480,texting,138,68,597,479
img_5538_jpg.rf.51a20a428b980937fdf145488507c92a.jpg,640,480,hair and makeup,109,58,568,397
img_101738_jpg.rf.52449bb643a31b6014338f40e0608938.jpg,640,480,drinking,124,46,639,451
img_101505_jpg.rf.520f181155ea866f34ed61b95f203261.jpg,640,480,reaching behind,114,1,639,427
img_1830_jpg.rf.52fac7c213b820a60ca233f2e6cf8472.jpg,640,480,texting,162,7,639,407
img_154_jpg.rf.52ab8e126aa3cafe38b0a94de2e3498d.jpg,640,480,talking to passenger,56,33,590,453
img_732_jpg.rf.533e9cdf8f5cb02d55c33d9f9c23c74b.jpg,640,480,talking on the phone,126,79,601,369
img_3345_jpg.rf.531e5924fe08f3a495c12cc2e5c98a50.jpg,640,480,talking on the phone,84,9,511,362
img_100738_jpg.rf.538a71ad795b72631f842c7a21d90620.jpg,640,480,talking on the phone,42,14,527,381
img_3692_jpg.rf.53bc680f6da4b4db5c3fe49afa53c7d7.jpg,640,480,talking on the phone,63,33,519,465
img_1153_jpg.rf.53b370706709ba09957857f6b7506439.jpg,640,480,texting,195,0,639,374
img_874_jpg.rf.534f36ffab762f02c1787f44a607526e.jpg,640,480,hair and makeup,126,58,635,411
img_843_jpg.rf.53e7e7c7fcab19da75b3ab48ecffe57a.jpg,640,480,texting,105,64,558,434
img_2494_jpg.rf.543356cfb7982d91542764cca991f5a9.jpg,640,480,hair and makeup,124,47,497,345
img_101850_jpg.rf.5439f53bb6fa454a2e28c2cf184e4d5a.jpg,640,480,reaching behind,24,46,636,459
img_1096_jpg.rf.54a350d0a4acda4d4b05ea38e6ecfbe9.jpg,640,480,talking on the phone,94,67,535,453
img_3767_jpg.rf.54c13e06f79e2dec78b711bfcf23f099.jpg,640,480,texting,63,74,510,402
img_19_jpg.rf.54c720e3b3a8d2c63dfb8ce7b764a858.jpg,640,480,talking to passenger,23,27,597,479
img_579_jpg.rf.55158011be5ffacbf52fc08ca409f734.jpg,640,480,talking to passenger,169,3,639,393
img_379_jpg.rf.54fa2186f083d9253b22aa758deded7c.jpg,640,480,talking on the phone,114,22,631,364
img_1762_jpg.rf.55223810803edc6d4d05f0fb6869fc53.jpg,640,480,talking on the phone,114,85,531,456
img_1076_jpg.rf.557e003262688f935f5bbbeeb9f7991b.jpg,640,480,texting,96,45,551,435
img_804_jpg.rf.55abbf05878b4159c27efde5e4abb052.jpg,640,480,talking on the phone,81,61,530,450
img_4460_jpg.rf.5688ac10ad3e31d7265445406272a894.jpg,640,480,talking on the phone,141,62,631,419
img_3899_jpg.rf.567d47f428800b552488d3b186b954c3.jpg,640,480,operating the radio,51,35,639,381
img_895_jpg.rf.56347d6610900d12f3da0f161c8f9f70.jpg,640,480,hair and makeup,45,14,562,414
img_5840_jpg.rf.56bc18b2b8c48f535c39521aab2296a0.jpg,640,480,hair and makeup,98,52,459,371
img_26_jpg.rf.56e702bdfe17c84785f0abd1aeef2ab7.jpg,640,480,hair and makeup,34,49,566,394
img_2868_jpg.rf.57a68c56df22f2ab7b7976f08612c766.jpg,640,480,drinking,136,73,563,430
img_101319_jpg.rf.5723ecf1d9b8f51419ff96bab1e41ce2.jpg,640,480,talking on the phone,55,8,538,400
img_3278_jpg.rf.56a2b78bbf107973be80bd6393c4f2fd.jpg,640,480,operating the radio,161,34,639,437
img_3201_jpg.rf.58354dcd28af6cfbf9cd94745dade0c6.jpg,640,480,texting,146,76,591,393
img_195_jpg.rf.58540b1b5c556e40c4e263c9afc6a712.jpg,640,480,drinking,38,0,467,377
img_792_jpg.rf.58a613fe714daf939476a805fc6a5588.jpg,640,480,reaching behind,0,22,598,476
img_916_jpg.rf.592587b700e4d0390ed0f7c22ec6d34f.jpg,640,480,talking on the phone,41,55,494,435
img_3493_jpg.rf.597a5fcde521d7cd8a4fdcef659edcdb.jpg,640,480,operating the radio,95,31,639,441
img_312_jpg.rf.590fa18185fb2e4a9eee9a5fe8d45674.jpg,640,480,talking to passenger,42,16,526,453
img_1580_jpg.rf.59c5b52faeb3ed56d50528e037f0b12b.jpg,640,480,talking to passenger,40,27,528,465
img_645_jpg.rf.5ae461109ee6dcb7ad594cce938fd41b.jpg,640,480,talking to passenger,55,45,532,369
img_101293_jpg.rf.59b2980ff2f6d5e2cbd6d2a944215f91.jpg,640,480,talking to passenger,39,57,557,476
img_100446_jpg.rf.5b0d10cf39a7c4b46ccfdb521e94475d.jpg,640,480,hair and makeup,62,25,594,438
img_3591_jpg.rf.5b2a7d7c81987fd23130e17346d8fc63.jpg,640,480,talking on the phone,29,31,456,361
img_661_jpg.rf.5b7e80f38210cf28e8529215a75a7167.jpg,640,480,operating the radio,56,29,639,473
img_101944_jpg.rf.5bb9f4aa23bf4812abf45c65408d4a80.jpg,640,480,drinking,78,34,586,468
img_3131_jpg.rf.5bc25c32cbda9d5f35b99215adc2f41c.jpg,640,480,hair and makeup,171,10,574,339
img_1019_jpg.rf.5bc7a2d439cee65dc30deb1ccee56271.jpg,640,480,reaching behind,39,24,592,479
img_120_jpg.rf.5bf36ea9bc4a00d1d8d9a3c04a605ea9.jpg,640,480,operating the radio,51,36,639,385
img_102056_jpg.rf.5bcc4cd44adc3cbc2850ceafd552ab02.jpg,640,480,drinking,161,8,639,409
img_3432_jpg.rf.5c4cecfe2a539e59fcd379c2a8aad269.jpg,640,480,safe driving,149,72,607,390
img_798_jpg.rf.5c438e9dcabc2897df0d5491cba4f5a7.jpg,640,480,hair and makeup,32,52,566,401
img_19_jpg.rf.5c5bfd20abea8d11c0641d2a1be2d6f3.jpg,640,480,talking to passenger,56,74,559,456
img_101909_jpg.rf.5c50b307625c71fd16925f0606b401c9.jpg,640,480,operating the radio,133,50,639,407
img_101632_jpg.rf.5cc78e84010b765430b335a12fcedb55.jpg,640,480,drinking,181,4,638,387
img_218_jpg.rf.5c87744071683cc5358508936ded527c.jpg,640,480,drinking,36,23,453,426
img_484_jpg.rf.5d4c58d7ad467d754ee8ea09c052a9dc.jpg,640,480,talking on the phone,12,18,587,479
img_524_jpg.rf.5d6eb7091a247e45a3b54da560709e92.jpg,640,480,talking on the phone,48,64,577,424
img_1404_jpg.rf.5cfa386eb04806a2c11df91402ffeb92.jpg,640,480,operating the radio,134,66,639,423
img_2757_jpg.rf.5dabcba4974c2fbc8d2e92c66f39b599.jpg,640,480,reaching behind,99,10,637,479
img_173_jpg.rf.5e30da080c0e4a1064008818bf76ad33.jpg,640,480,talking on the phone,99,76,497,452
img_101123_jpg.rf.5dfabea55f778431e4c9de0e253b0e4c.jpg,640,480,talking on the phone,47,17,592,442
img_97508_jpg.rf.5e696c5f5d989ef2d2058d6e86c5025a.jpg,640,480,texting,62,5,600,478
img_715_jpg.rf.5ea87374dda79ea67c2ace8b81bfdf1d.jpg,640,480,talking to passenger,164,77,627,364
img_2765_jpg.rf.5ea74050d3da33809b1fbde47419c875.jpg,640,480,safe driving,36,43,524,337
img_1921_jpg.rf.5e89ae3363ca18d252025caa5efcfc2d.jpg,640,480,texting,119,84,555,445
img_3963_jpg.rf.5f2ac6998948e4f249a5e6296b13abb6.jpg,640,480,texting,164,0,638,385
img_90156_jpg.rf.5edc1ce4a210cd44c1b93acd452d9033.jpg,640,480,safe driving,82,31,546,397
img_3400_jpg.rf.5fe6f99f6473fea71b1df020f123cccd.jpg,640,480,operating the radio,132,49,634,473
img_19_jpg.rf.5f7cfa1976074a8337d7d2975864cd2e.jpg,640,480,talking to passenger,19,27,588,479
img_2034_jpg.rf.601ada76b808db4ac16ae3eb3e00b466.jpg,640,480,texting,51,19,514,363
img_2454_jpg.rf.6037ff8edcdec4125cba877812321f8a.jpg,640,480,talking to passenger,40,65,564,479
img_3606_jpg.rf.605b5f40197725c80a54b18f2c8542d6.jpg,640,480,talking to passenger,150,73,632,379
img_101065_jpg.rf.60a947fdb081d83680212fc4a2e0c8b1.jpg,640,480,reaching behind,0,32,540,479
img_89613_jpg.rf.60ce564970117de2eb36f25ad64af42f.jpg,640,480,safe driving,51,34,592,435
img_971_jpg.rf.60f43ecbc9ff647152f879b422ae1118.jpg,640,480,drinking,168,8,639,389
img_566_jpg.rf.6162649257aeb5357a63be13a72dae47.jpg,640,480,reaching behind,26,66,563,454
img_1752_jpg.rf.60cf032e0536a986c02e738751a5c8b5.jpg,640,480,reaching behind,0,21,445,477
img_101869_jpg.rf.61a00f2ca3750f1673ef597d92f3df16.jpg,640,480,reaching behind,89,0,639,447
img_101394_jpg.rf.61b9b9e6172df0117f63dc3a2fbe2358.jpg,640,480,operating the radio,80,48,639,464
img_149_jpg.rf.61d512890c4654b57768793042eafb77.jpg,640,480,texting,110,24,629,477
img_2657_jpg.rf.62010c1d01064b0e29efb4f31adb8e0a.jpg,640,480,texting,17,39,474,473
img_101632_jpg.rf.61e6cfbdd7728fa8765961172cf6fa21.jpg,640,480,drinking,154,0,639,449
img_3471_jpg.rf.62609b4b9fae82c0d50b07ede0c06e61.jpg,640,480,hair and makeup,153,85,598,321
img_69640_jpg.rf.6311d1364dfb1ce225c4c4851b6f4652.jpg,640,480,safe driving,34,20,536,370
img_452_jpg.rf.6308c18b91721faa49c76e290a4eecb7.jpg,640,480,talking on the phone,86,13,521,374
img_337_jpg.rf.631264bf7a88b66a4d1f92322a83a2bb.jpg,640,480,talking to passenger,28,0,550,448
img_3195_jpg.rf.632de0a5f17f7425e2d49aaddfa8a87c.jpg,640,480,reaching behind,0,96,513,476
img_4212_jpg.rf.63533066d51180b7a1ff6459dc7a6a23.jpg,640,480,talking on the phone,25,52,521,426
img_553_jpg.rf.636fcc0c94bf322fb81afa3a8a6d1878.jpg,640,480,talking on the phone,103,71,567,442
img_101370_jpg.rf.63da1e8de61edb0a5cf1ff0613123a31.jpg,640,480,talking to passenger,60,32,587,476
img_101424_jpg.rf.638c4329fac05223a7925d92cbcc2da9.jpg,640,480,talking on the phone,12,0,547,401
img_3470_jpg.rf.643ef638bca23ca6ecdf5686fa4378fd.jpg,640,480,texting,177,0,639,396
img_1045_jpg.rf.63e25352677afdd8bf2b6a1907f0dd7b.jpg,640,480,texting,102,22,617,473
img_101725_jpg.rf.64560e494a584635f8b8d550bcc6aea1.jpg,640,480,talking to passenger,70,41,576,465
img_2351_jpg.rf.6472659b50e36386b2c8449619ef34c8.jpg,640,480,talking on the phone,113,27,621,387
img_2620_jpg.rf.64a0695e5a826dd9686c777eff6d66cd.jpg,640,480,reaching behind,134,13,601,479
img_1916_jpg.rf.64d4fa90592dcb6ab060b49e03ca2d72.jpg,640,480,texting,132,7,639,415
img_3428_jpg.rf.64ecc8dfd7c942e71985b3bd61a4136c.jpg,640,480,texting,43,74,492,479
img_2315_jpg.rf.64eaba930bf4775bd4b9933188a48047.jpg,640,480,texting,126,66,611,479
img_704_jpg.rf.6508b73754f91dae7e4dfb5cd43f8464.jpg,640,480,talking on the phone,22,44,519,435
img_443_jpg.rf.64ef8abd3ef6b9b4a07b7c0f148d876f.jpg,640,480,operating the radio,221,61,639,423
img_92674_jpg.rf.65203a305e2c2585b96452643d6bca6b.jpg,640,480,texting,133,1,639,410
img_2115_jpg.rf.6518ea6cc35c6ce4a5cbe95b8f283436.jpg,640,480,texting,140,61,611,452
img_794_jpg.rf.656b8803c82c084dbe2165f393a6c813.jpg,640,480,reaching behind,78,0,639,445
img_1329_jpg.rf.ef08af6d1360e377a3e44f46842ac702.jpg,640,480,texting,133,74,620,436
img_115_jpg.rf.f1da6065392a619c251586f5271ba4fa.jpg,640,480,texting,86,63,558,474
img_1394_jpg.rf.f01d142eecea600dc9e58130a5581705.jpg,640,480,talking on the phone,18,63,503,473
img_632_jpg.rf.ef3315eacd59254b0874a9b90c825a13.jpg,640,480,operating the radio,108,83,639,477
img_557_jpg.rf.ef8c0caadacaef3673e36a63d911a88a.jpg,640,480,texting,97,0,639,459
img_3967_jpg.rf.f26216aafb35e14fc57b1777ec84728e.jpg,640,480,hair and makeup,138,3,639,297
img_262_jpg.rf.effff6bb3ca3a113fccd001ee4bff116.jpg,640,480,safe driving,54,24,528,348
img_3370_jpg.rf.f268c0ff8ef7bedb89d6f01a3ebad72d.jpg,640,480,safe driving,128,10,639,311
img_502_jpg.rf.f0e6d08d9fb0844dac3bde67162fb450.jpg,640,480,talking on the phone,85,27,591,469
img_101470_jpg.rf.efc2532da7206aa607dadb4baf3292f9.jpg,640,480,hair and makeup,29,38,563,432
img_672_jpg.rf.f108ac0fd75385618a4fe1cdb6629d4f.jpg,640,480,texting,19,42,520,479
img_67176_jpg.rf.eee597e843ffc6e59ee2cc66e1efbbc9.jpg,640,480,safe driving,125,0,639,391
img_1879_jpg.rf.f09e52cc0295c88e5c490e05bc525dc3.jpg,640,480,texting,84,66,508,392
img_102111_jpg.rf.efc31493cb4886adf0a1d90f056785f2.jpg,640,480,drinking,48,0,639,479
img_275_jpg.rf.f177db335d09b3ff6721de0e4c2bf6b9.jpg,640,480,operating the radio,126,0,639,429
img_3744_jpg.rf.f0fe36d5c02a618273d2b2a075aecf16.jpg,640,480,texting,45,21,470,449
img_207_jpg.rf.f1969b835a6c04f4192bbacec5243e3b.jpg,640,480,texting,18,0,565,426
img_1215_jpg.rf.f2eab2528cec25c71b65e9d07624cdd9.jpg,640,480,safe driving,57,0,506,424
img_68539_jpg.rf.f3348e6494192fd63298ac5aa00657df.jpg,640,480,safe driving,142,12,639,354
img_207_jpg.rf.efd5731a1795f2a93655cefeeae344ac.jpg,640,480,texting,46,23,515,379
img_678_jpg.rf.f423043635e84ef405293c2e451ca581.jpg,640,480,drinking,67,47,488,410
img_26_jpg.rf.f418763c2706ffb058ec41de16dad5c9.jpg,640,480,hair and makeup,26,37,572,407
img_97080_jpg.rf.f351d68c005fd35ff92209ca2b7cd8ba.jpg,640,480,texting,167,0,639,394
img_4849_jpg.rf.f2a96d5ad525bb7cba457a96702f00fd.jpg,640,480,reaching behind,0,98,593,478
img_97634_jpg.rf.f22574285d21b6b791a8dcdde02e1fdb.jpg,640,480,texting,87,64,591,436
img_101505_jpg.rf.f1517497d544ccd4e6f76d142cceb357.jpg,640,480,reaching behind,99,0,639,457
img_102088_jpg.rf.eedb8d3e73f421d2d0228f9296ba1eb2.jpg,640,480,reaching behind,0,23,595,471
img_2568_jpg.rf.f2056a3197d70bb9b83d1302f4509c26.jpg,640,480,talking on the phone,45,60,489,439
img_3704_jpg.rf.f236a6778890111c8cf7306a52b9792f.jpg,640,480,drinking,98,49,502,412
img_1519_jpg.rf.f4424be469b051b3d8787cca2cf792ca.jpg,640,480,safe driving,75,0,524,419
img_947_jpg.rf.f4597740509a4d738a004b47cfcd5f26.jpg,640,480,reaching behind,3,147,487,479
img_392_jpg.rf.f44adab989530b38d805a373abb3bddb.jpg,640,480,texting,131,0,639,378
img_2212_jpg.rf.f54675e8c332853461ee2262412b8819.jpg,640,480,texting,114,25,603,477
img_1146_jpg.rf.f573d8273e5575a3ef56ba68e20f6067.jpg,640,480,hair and makeup,82,1,601,410
img_397_jpg.rf.f59aa0be5f0598f884f56b87893f1f74.jpg,640,480,drinking,95,59,491,468
img_1834_jpg.rf.f587198fb90010f268f8ca1f91a14e16.jpg,640,480,texting,100,77,544,479
img_96950_jpg.rf.f5d651f05b40702ad204316e22443b50.jpg,640,480,texting,119,41,639,460
img_3712_jpg.rf.f63e76bb60967348e661e3e5d94405f8.jpg,640,480,operating the radio,72,39,638,479
img_530_jpg.rf.f6194b0d53eae2fa27cdd34c4ca01fcb.jpg,640,480,talking on the phone,144,9,634,348
img_101868_jpg.rf.f69549dd5813bbb31adfdc9a85bb2171.jpg,640,480,reaching behind,0,12,594,479
img_6_jpg.rf.f6bef23217a02a1139652851009cdf83.jpg,640,480,texting,71,41,578,479
img_2322_jpg.rf.f741f22c06f4a03f5b09b34111ef8381.jpg,640,480,talking on the phone,182,7,639,338
img_4658_jpg.rf.f6c6309d70ae9f3f5d30980dbbe52bac.jpg,640,480,talking to passenger,143,77,633,336
img_2144_jpg.rf.f7299e35d8dcc31dd9dc015c141f1d14.jpg,640,480,reaching behind,93,44,639,473
img_879_jpg.rf.f6dcf91c76a332676c5212617c3f5967.jpg,640,480,drinking,139,33,575,430
img_1617_jpg.rf.f7b653b3cbc7467a0c7054e9c391cdea.jpg,640,480,safe driving,92,80,576,423
img_2583_jpg.rf.f791211681b6cbed038c028d649d3f1e.jpg,640,480,talking on the phone,149,3,639,392
img_775_jpg.rf.f7eb38151b7ad2137f92ac7dc7cbcce9.jpg,640,480,talking on the phone,98,14,512,348
img_101410_jpg.rf.f81c7bc2371b2b35f354ed95c5dc67a5.jpg,640,480,reaching behind,38,72,633,435
img_294_jpg.rf.f8468b528453b7ffe7ca2e9d1fb0d6c6.jpg,640,480,talking to passenger,119,0,638,326
img_16_jpg.rf.f87788f44fe179a8e8c27ead6ae74a5b.jpg,640,480,drinking,116,25,625,434
img_101608_jpg.rf.f85a1c87b4dde69c3e60ec3148f29edf.jpg,640,480,operating the radio,92,59,635,450
img_1341_jpg.rf.f8551de10acbb1b1f0e786e1b561dfda.jpg,640,480,talking on the phone,77,53,502,461
img_1355_jpg.rf.f8c194a02eef77cf2da191d3c7b97040.jpg,640,480,safe driving,81,29,582,397
img_1540_jpg.rf.f8c1a018df6edd60ee74cf26c30f2774.jpg,640,480,hair and makeup,26,61,492,389
img_101097_jpg.rf.f8dcbe0ce5a6dcf5065aedddc30566d2.jpg,640,480,talking on the phone,91,45,542,400
img_102047_jpg.rf.f9005564450ace967c3d2a6d21f8778b.jpg,640,480,hair and makeup,122,19,640,361
img_68607_jpg.rf.f93ee8123703fb8f68aab55d22e67787.jpg,640,480,safe driving,55,0,624,436
img_204_jpg.rf.f954c6297ec1493b72c27487e87e758b.jpg,640,480,texting,93,57,572,440
img_375_jpg.rf.fa484b3faac781d115b6e50c89f6e7b4.jpg,640,480,safe driving,99,71,561,453
img_204_jpg.rf.f9bc4225332a1b5871fddcdbaf3103b1.jpg,640,480,texting,96,70,564,431
img_1699_jpg.rf.f9cd0be74c8755662bfa01f226ef0855.jpg,640,480,hair and makeup,40,51,514,428
img_90343_jpg.rf.fa061d78df50ec9e157f495e7be26ff2.jpg,640,480,safe driving,100,69,600,407
img_4511_jpg.rf.fa9f6d2c0ac74ba42204afd51c667813.jpg,640,480,reaching behind,46,70,521,479
img_380_jpg.rf.fa8f11524b2ff13f8dcbcc0c935148c7.jpg,640,480,drinking,29,61,569,424
img_2153_jpg.rf.fad180156c8d0a70897a03d4eac8e1a4.jpg,640,480,hair and makeup,78,68,510,387
img_4158_jpg.rf.fad2e2ff3460dda2e628bd35364f1327.jpg,640,480,drinking,59,23,592,479
img_4238_jpg.rf.fadd3c692cdaeb93d0c148c2a158d5af.jpg,640,480,hair and makeup,97,59,572,398
img_3417_jpg.rf.fad9b7728e4a98c271109690db3745d8.jpg,640,480,talking on the phone,86,61,558,463
img_494_jpg.rf.faea9dbfc7c386b626f1935e4315291b.jpg,640,480,talking on the phone,115,49,627,437
img_3455_jpg.rf.fb359c4b873a8e9d38a222189cec56c0.jpg,640,480,operating the radio,106,27,639,432
img_101776_jpg.rf.fae37f6a8f944c2cbd527184c7c7eb93.jpg,640,480,drinking,67,0,540,370
img_275_jpg.rf.fb8a0ebb3be78ed687dc767087abc345.jpg,640,480,operating the radio,130,19,639,449
img_3100_jpg.rf.fc6ce68f8db8b616528b7a047cd8aab0.jpg,640,480,safe driving,72,65,553,444
img_2566_jpg.rf.fca13e5b07766fda1d4b69c9704266e9.jpg,640,480,texting,37,21,517,389
img_92674_jpg.rf.fcc3a8e771ae20e0fd0de33ac24acb45.jpg,640,480,texting,99,0,639,436
img_101513_jpg.rf.fcee837cd8ae5ddb496991fecbcfa0bc.jpg,640,480,talking to passenger,157,0,639,362
img_849_jpg.rf.fd25f2f3c9a036c3655f9f9937b6f6e7.jpg,640,480,talking on the phone,85,30,521,465
img_2999_jpg.rf.fd052ee876a5b429d2f2e5e905067dda.jpg,640,480,talking on the phone,110,78,543,459
img_2992_jpg.rf.fd2f63c25167980ff43ce419201b8923.jpg,640,480,safe driving,101,77,546,365
img_124_jpg.rf.fd4589db222033231bbd176f2e545640.jpg,640,480,drinking,60,21,532,449
img_4042_jpg.rf.fd548485f2ed64e254c65138334ea47a.jpg,640,480,talking on the phone,74,67,548,441
img_392_jpg.rf.fdb19bf00c4f83fed4ba70aae45c2d38.jpg,640,480,texting,151,4,639,367
img_2832_jpg.rf.fdb808f6772b9e2e6810509ebb52661c.jpg,640,480,hair and makeup,91,75,528,369
img_2761_jpg.rf.fd558a1f6ec09cc1816c1f36d11cf9d8.jpg,640,480,talking on the phone,103,29,627,456
img_661_jpg.rf.fdf3980788988bbf8635ee508991f4d2.jpg,640,480,operating the radio,89,65,639,437
img_4617_jpg.rf.fdd064908ff242282ede6d73c4530137.jpg,640,480,reaching behind,115,67,596,479
img_97508_jpg.rf.fdec310066eb857f166dd07181832601.jpg,640,480,texting,78,23,584,454
img_521_jpg.rf.fe6204e42205e21c16fc1d6791fd98c6.jpg,640,480,hair and makeup,175,0,639,337
img_792_jpg.rf.fed7cc7a76a7e7ed88b4df29bde846c9.jpg,640,480,reaching behind,0,42,588,460
img_101364_jpg.rf.fee3bb7e28223d5396c08adec0ee6ff4.jpg,640,480,talking to passenger,81,0,639,413
img_4440_jpg.rf.fee148b79e32d58190c16f4ed79fe8ae.jpg,640,480,talking on the phone,107,10,505,358
img_207_jpg.rf.feea6200b6fbc5dac19f237fa29b33fd.jpg,640,480,texting,23,7,536,412
img_101479_jpg.rf.fef6fccacfbe566b483ed7917e9f8072.jpg,640,480,reaching behind,0,30,619,479
img_573_jpg.rf.ff1730c00aaf93573812fbef1a61a102.jpg,640,480,operating the radio,148,29,639,441
img_2640_jpg.rf.ff51c09d4bd23589bd9ffbfbd90d71cc.jpg,640,480,talking on the phone,137,3,605,376
img_89621_jpg.rf.ff60184a3b253f1d7994a6e6e6b0e212.jpg,640,480,safe driving,133,0,639,366
img_1386_jpg.rf.ffd1621957c957550ef021947ec28034.jpg,640,480,talking to passenger,47,0,498,429
img_7590_jpg.rf.ffe0250cc63090424444c9e73606d5f0.jpg,640,480,hair and makeup,82,7,570,358
img_575_jpg.rf.ff9b9292232a39a28fd912830012d054.jpg,640,480,drinking,128,68,625,434
img_1378_jpg.rf.fffcf66259c931be1fb7bdd605b41754.jpg,640,480,operating the radio,197,59,639,414
img_100334_jpg.rf.ffe31bc69587e98fe9dfe3cfd5fdfbc8.jpg,640,480,operating the radio,93,26,639,411
img_472_jpg.rf.65e70828e69a738bb94fe493aa69ab84.jpg,640,480,drinking,171,11,639,389
img_872_jpg.rf.68486cb36bb81370d0a4cd3e706e2186.jpg,640,480,texting,99,67,523,479
img_836_jpg.rf.65a33847e28555db2f6a899ead511262.jpg,640,480,texting,41,65,491,479
img_2785_jpg.rf.66b5fbf8a72eef4e5aa13891aa3fea5f.jpg,640,480,safe driving,74,28,588,397
img_89586_jpg.rf.66245a619725b7432f4422a65b182151.jpg,640,480,safe driving,62,28,571,449
img_1789_jpg.rf.65ecd49676504f5e0828e5e329b99ad1.jpg,640,480,talking on the phone,51,36,527,288
img_623_jpg.rf.661a2014218aea7fee835a1584041f54.jpg,640,480,texting,70,62,524,458
img_63_jpg.rf.67f4aa07279b10f7d179c1112213e614.jpg,640,480,operating the radio,232,0,639,430
img_484_jpg.rf.65bf73cf1975958665956900444ca53c.jpg,640,480,talking on the phone,24,24,599,479
img_90173_jpg.rf.6857392dd3cd3127f7e3741587f81686.jpg,640,480,safe driving,69,18,608,463
img_1267_jpg.rf.68c76424e4a575981a56b24c2e295c7b.jpg,640,480,safe driving,128,12,639,317
img_859_jpg.rf.68b93b5657a880eb440737849382227a.jpg,640,480,texting,69,0,462,451
img_4199_jpg.rf.66e5eadb816245c46fdfb348362f8fd1.jpg,640,480,reaching behind,28,74,538,479
img_462_jpg.rf.669c587682d4bdd551632d8896cecbf3.jpg,640,480,texting,94,71,557,479
img_357_jpg.rf.693ec2b3ccdb85f3a9d3e589824acdd1.jpg,640,480,texting,106,67,467,464
img_4363_jpg.rf.69b5bbd426b3a40dd1d1c0e61de3aa10.jpg,640,480,talking on the phone,50,25,522,379
img_1493_jpg.rf.69fd2de4235b38831d025c1825103630.jpg,640,480,hair and makeup,120,73,514,402
img_3325_jpg.rf.6989944008e4b17d386d00128229e8a7.jpg,640,480,texting,155,69,605,385
img_93334_jpg.rf.688a0ef03e5fc7d4c88fa72ae6cdca0f.jpg,640,480,texting,27,63,554,477
img_101221_jpg.rf.6923a7f37ca83c92d8f36e8584f736ae.jpg,640,480,talking to passenger,46,4,568,448
img_3180_jpg.rf.6ae39b1d6e2941694ae1f7bdd58046c2.jpg,640,480,operating the radio,139,3,639,375
img_1724_jpg.rf.66d3bdd5db29edbb4cf88a61483d5c0f.jpg,640,480,talking on the phone,141,6,618,348
img_102055_jpg.rf.65f512e6c19209a725bffa52fcf66b21.jpg,640,480,operating the radio,127,24,639,469
img_89692_jpg.rf.68cfb7ac000a31bc84c272291691b03f.jpg,640,480,safe driving,99,22,639,384
img_4186_jpg.rf.673b09fdded6e0590c60488e12684979.jpg,640,480,reaching behind,109,78,614,479
img_258_jpg.rf.674f7923a607b50ad79dfdedd6cf6ef0.jpg,640,480,talking on the phone,100,71,482,404
img_2434_jpg.rf.65d2395b2f9a3c689b1030eee8ca7c3f.jpg,640,480,reaching behind,25,69,596,479
img_100995_jpg.rf.6582248c44494dec316a797af4190a48.jpg,640,480,talking on the phone,73,24,568,431
img_4866_jpg.rf.67d232178a51c1390b1c4e8ada6d5efa.jpg,640,480,hair and makeup,86,76,562,446
img_101944_jpg.rf.6b3395f65c24d9d3ca4bbfb13ba6b761.jpg,640,480,drinking,63,23,593,479
img_16_jpg.rf.6b4abbd4498b9f4bab712dff8e3321c6.jpg,640,480,drinking,81,0,639,479
img_599_jpg.rf.6b75954c6dd579cb8f76a85e50a9d177.jpg,640,480,talking to passenger,126,10,578,420
img_102088_jpg.rf.6ae653762154e698a05cf949bcfaefaa.jpg,640,480,reaching behind,0,27,593,466
img_102076_jpg.rf.6c73540b42de6484c96eccaa75a6e389.jpg,640,480,reaching behind,0,27,603,467
img_101479_jpg.rf.6be3e062c2431b17fc5e2ed8874424fb.jpg,640,480,reaching behind,0,18,626,479
img_993_jpg.rf.6c4aaa81554d53c9b87fdbf27445de6c.jpg,640,480,talking to passenger,127,14,639,306
img_3407_jpg.rf.6c76ea44592c6cadc55b004e45e9f19b.jpg,640,480,reaching behind,107,6,636,479
img_99_jpg.rf.6bb44367fa8a991b36b32a8a3ee01214.jpg,640,480,talking on the phone,91,56,595,412
img_1399_jpg.rf.6d358e29d78ba278a0919962f4f11383.jpg,640,480,drinking,55,0,556,404
img_711_jpg.rf.6cf704ca72e745c09060b414c13eecb1.jpg,640,480,hair and makeup,126,0,634,341
img_5164_jpg.rf.6cf35afd51c64216b69a56696ac2c9ef.jpg,640,480,reaching behind,21,83,599,479
img_296_jpg.rf.6d3e19ad84f02ffae737a98e2a3a5d62.jpg,640,480,texting,90,23,620,425
img_319_jpg.rf.6d425c32496cb7d6d97ceac20d9633c7.jpg,640,480,talking on the phone,139,0,639,400
img_90343_jpg.rf.6dd6e40e6b7a68f83e7a1abe4e76f475.jpg,640,480,safe driving,74,23,625,443
img_100327_jpg.rf.6d87ec030280ae89c47045478bf6bb18.jpg,640,480,talking to passenger,173,5,639,315
img_0_jpg.rf.6e3eca467b0f304c45dc8b9d14a6765d.jpg,640,480,drinking,127,36,638,439
img_3563_jpg.rf.6e3cf0789088da1a6a50baff5224ad00.jpg,640,480,talking on the phone,129,70,585,425
img_101607_jpg.rf.6de444f039d691926463b1d162309907.jpg,640,480,operating the radio,97,48,639,479
img_3010_jpg.rf.6e13d423a6d37a55441c80750d7d88ba.jpg,640,480,drinking,146,74,543,426
img_4125_jpg.rf.6e53b13b27f505e9217235b3b4bb488a.jpg,640,480,texting,39,25,507,383
img_344_jpg.rf.6e4b7661f0354d7fd8ad8c8966778182.jpg,640,480,safe driving,109,58,555,441
img_1565_jpg.rf.6e92182c0febe62022ba748459d6f3fc.jpg,640,480,texting,111,4,639,325
img_1487_jpg.rf.6eb3d6d3f888cc50d4f8bd684e03d98c.jpg,640,480,safe driving,93,77,550,386
img_822_jpg.rf.6ee802cdda4f1249156153cb1d3cf029.jpg,640,480,texting,127,66,618,479
img_3873_jpg.rf.6f1a481439daa8d14fb230d8a932261f.jpg,640,480,safe driving,56,47,590,441
img_1645_jpg.rf.6f337344823e52132d14d7fb98db108e.jpg,640,480,texting,154,63,618,466
img_274_jpg.rf.6eb8e1e4d0af4302e9f498ed6fd8447b.jpg,640,480,operating the radio,66,13,639,479
img_2093_jpg.rf.6f44f379908c4e5f58860ec8b0c67615.jpg,640,480,safe driving,103,34,616,441
img_791_jpg.rf.6f934bb342802722086181d3f978a5bf.jpg,640,480,talking on the phone,103,28,606,387
img_2145_jpg.rf.6f72096e06c7c796451c5d84620a2d89.jpg,640,480,drinking,69,36,516,479
img_101718_jpg.rf.6f95ccb5b47e87725b9ad6c92215fa0c.jpg,640,480,drinking,67,13,613,479
img_65344_jpg.rf.6f5e13ce26703fff6f8d1ceee30c11eb.jpg,640,480,safe driving,104,55,574,431
img_2356_jpg.rf.6fdd9e0fc012767e62a1102b1e4b479a.jpg,640,480,operating the radio,141,50,639,389
img_346_jpg.rf.7006c9db2e6801795e9633454ba55218.jpg,640,480,talking on the phone,81,45,566,444
img_7973_jpg.rf.6fc90218c36537c3c9645e890dcc5864.jpg,640,480,talking to passenger,164,10,632,406
img_1408_jpg.rf.70272604c2138cbe3fc32ee843d24e1c.jpg,640,480,talking on the phone,61,50,528,462
img_6_jpg.rf.706fca9c384a0617e160494542b3a25d.jpg,640,480,texting,85,57,484,479
img_14_jpg.rf.70911c700802fffe8cdda58990a4a255.jpg,640,480,talking on the phone,60,51,558,432
img_100589_jpg.rf.7064fb755d873b81f54278e59fc341fa.jpg,640,480,talking to passenger,47,0,542,442
img_4235_jpg.rf.70df81b3cefb270c9611fdcaf7b248ca.jpg,640,480,talking to passenger,53,76,573,429
img_2609_jpg.rf.710b9caaa08a3fc4120f0a0c97344b2b.jpg,640,480,texting,168,39,639,360
img_67090_jpg.rf.70f31c70157eb481534af91408c47403.jpg,640,480,safe driving,37,28,598,459
img_67110_jpg.rf.717257d30c058e6cba3f8dcabafd8857.jpg,640,480,safe driving,86,9,639,412
img_102073_jpg.rf.71c7a4207abc89cb6c4aa20a0bb1f469.jpg,640,480,operating the radio,81,32,639,479
img_68662_jpg.rf.7133c6d04a50cffbc6536acf448ac79d.jpg,640,480,safe driving,21,8,538,409
img_101513_jpg.rf.71c86ca5a70944dd0db68c2022756bec.jpg,640,480,talking to passenger,156,0,639,373
img_94_jpg.rf.714d2c94aae7caf57c76de8203383278.jpg,640,480,talking on the phone,91,0,639,472
img_812_jpg.rf.72090d18d9e27a83a0efdb4224517c95.jpg,640,480,hair and makeup,39,70,486,438
img_1304_jpg.rf.722ed015c6364788401223535f7ac566.jpg,640,480,operating the radio,148,35,639,449
img_247_jpg.rf.72191395e16753b3698b854c695a6702.jpg,640,480,hair and makeup,90,0,639,407
img_421_jpg.rf.71f38139b33609bdfd9d25aecb611aea.jpg,640,480,reaching behind,0,0,602,479
img_4205_jpg.rf.7285fe901324f446ebd0767202174d18.jpg,640,480,hair and makeup,73,18,572,441
img_120_jpg.rf.726da2b413c0962305497e214d4c8d06.jpg,640,480,operating the radio,32,0,639,435
img_2928_jpg.rf.732225ffcf5e9c8226606676f1ca5dc3.jpg,640,480,texting,105,58,476,479
img_904_jpg.rf.7317125c7ed1a7ea077b6a9cd1e4273e.jpg,640,480,reaching behind,54,8,639,455
img_102138_jpg.rf.7344c196b71d063cf4d853c2f601a0d4.jpg,640,480,drinking,37,0,555,409
img_671_jpg.rf.733e205056a77dba4ed4d9532439a653.jpg,640,480,hair and makeup,204,7,635,341
img_3686_jpg.rf.734e1078f8b733510b3345d8be5295af.jpg,640,480,operating the radio,182,77,639,440
img_55_jpg.rf.73635255f8f4d2d1e16d0cd4495f380d.jpg,640,480,talking to passenger,121,39,639,450
img_3741_jpg.rf.73d0b9419d6c77ba01f8ec26e91c1387.jpg,640,480,talking on the phone,145,9,639,391
img_594_jpg.rf.73e2955fb49bb6a334afafc0161837b0.jpg,640,480,talking on the phone,101,27,634,342
img_101503_jpg.rf.73bc513f1a6b3baf2a342ec35541b9ec.jpg,640,480,talking on the phone,8,42,528,444
img_100579_jpg.rf.742823c743590d0aac668d2e7965f0b7.jpg,640,480,operating the radio,47,55,639,479
img_2308_jpg.rf.741c26b3fb93881645b2e30699a4bf0f.jpg,640,480,talking on the phone,143,66,635,442
img_90396_jpg.rf.7402869b4fbeb1859f0dd814a998558a.jpg,640,480,safe driving,119,10,639,427
img_3395_jpg.rf.73fce3ed7376dd2e3696685ff98af766.jpg,640,480,hair and makeup,121,46,499,428
img_72_jpg.rf.744a2ab5ee681924a0b29e4136bb9cb9.jpg,640,480,drinking,76,6,596,479
img_101366_jpg.rf.74a5bf56077e97b23ed51c9c3fef2165.jpg,640,480,talking on the phone,58,35,592,445
img_195_jpg.rf.7486b4cbdd58ab8915eaf71febd48391.jpg,640,480,drinking,43,0,560,395
img_50_jpg.rf.74c3ff0b3b4be61f199f75231d760ab5.jpg,640,480,talking to passenger,73,8,448,413
img_244_jpg.rf.74bae10f04a5c641cf4c7af37ef4ae20.jpg,640,480,texting,80,30,562,445
img_2870_jpg.rf.74def05672f6850cbab2548ba20ace52.jpg,640,480,drinking,142,6,590,427
img_101068_jpg.rf.74f8bc978afc752de0c47e05f7e9600d.jpg,640,480,talking on the phone,54,66,530,461
img_3342_jpg.rf.75184d9d52cd2e774318884783d2d408.jpg,640,480,texting,122,60,622,432
img_213_jpg.rf.7519bac5e1a634ebad2ba047784b7e5d.jpg,640,480,drinking,16,36,562,440
img_7097_jpg.rf.757f2e80efae1f092bdfceebad0e829c.jpg,640,480,texting,30,53,560,438
img_100299_jpg.rf.75abccee8ae3131afd2c09d43ab0884b.jpg,640,480,talking to passenger,20,0,555,455
img_1302_jpg.rf.754412753801973354fbb15e17fde49f.jpg,640,480,texting,132,23,583,457
img_65344_jpg.rf.75d95b0ffb772c9096e1264882437d69.jpg,640,480,safe driving,87,37,589,456
img_100428_jpg.rf.762443fccf4c931d6ed8fb7247e32423.jpg,640,480,talking to passenger,0,5,578,470
img_423_jpg.rf.766d0ffd8b8bd9ca1562555e8c42fd28.jpg,640,480,texting,97,43,530,461
img_2113_jpg.rf.77003594564ecc8982e40a8bf055804e.jpg,640,480,safe driving,169,0,639,388
img_3007_jpg.rf.76178b8fbbd2808a965b22caa436c7a2.jpg,640,480,reaching behind,0,130,493,477
img_101029_jpg.rf.776cdd1919f9e5e8792e6abe5f07f811.jpg,640,480,talking on the phone,62,0,560,383
img_3564_jpg.rf.77eef0a2f36818c05385bae628d53584.jpg,640,480,drinking,87,38,639,478
img_4402_jpg.rf.7776c0df80786dd241040f86a5f4cd15.jpg,640,480,talking on the phone,105,72,491,374
img_2009_jpg.rf.776e3d8be5766fc44e07f35090b12b1d.jpg,640,480,hair and makeup,66,42,518,421
img_101607_jpg.rf.782d23816a2c4549abed90c637aef82e.jpg,640,480,operating the radio,88,13,639,479
img_1119_jpg.rf.7806e70c668c5c7bde3d7d8c69a40e39.jpg,640,480,texting,18,47,529,476
img_5356_jpg.rf.7835462621857a7390bbec9450fae600.jpg,640,480,reaching behind,5,76,513,389
img_3489_jpg.rf.7883f806572c4e6bbe58a8da51ef64cd.jpg,640,480,reaching behind,0,115,557,478
img_1876_jpg.rf.78a7de5160a80cde8a930918eca473e2.jpg,640,480,operating the radio,75,72,583,479
img_3427_jpg.rf.788bfe7cc01a1683706c4db015930982.jpg,640,480,operating the radio,127,27,639,461
img_973_jpg.rf.78b875a0c6d455c98660ecb818e9cafa.jpg,640,480,safe driving,163,1,636,346
img_89892_jpg.rf.7987d54f26da137d3c8d87ec385b44a4.jpg,640,480,safe driving,124,4,639,378
img_90443_jpg.rf.7871aeaba571a6adde6413ac6c212d00.jpg,640,480,safe driving,130,5,639,348
img_2426_jpg.rf.7996a8518da374b0301e6aeb1f5967d2.jpg,640,480,reaching behind,56,66,570,479
img_3044_jpg.rf.79b84d1a990a0ce12da4ef19186ced69.jpg,640,480,texting,142,1,635,390
img_101984_jpg.rf.79bb6c3c57b2ca22b0542f2240762618.jpg,640,480,hair and makeup,32,38,584,414
img_54_jpg.rf.7ab59159985fc7a95e096dffddcee8f5.jpg,640,480,talking to passenger,31,0,567,446
img_2745_jpg.rf.79df498bf89fbda21b2c0fb6b1e6362f.jpg,640,480,drinking,146,81,554,405
img_3539_jpg.rf.7ad7f4fa5688d1204371df0151f8b2f2.jpg,640,480,operating the radio,30,31,639,369
img_3099_jpg.rf.7a714f3d935b3ab699a995988fd8051a.jpg,640,480,texting,88,50,502,479
img_2861_jpg.rf.7b4669b8406bc57ac4a5d85f8947357b.jpg,640,480,hair and makeup,43,64,549,447
img_650_jpg.rf.7b91586b2810e5f3856a0add3fa6bd92.jpg,640,480,operating the radio,104,60,639,391
img_2362_jpg.rf.7aff41770515a224e289583ebb99e03c.jpg,640,480,hair and makeup,89,59,497,479
img_100379_jpg.rf.7bd1fbcc69c658788a477e8a28cd13cc.jpg,640,480,talking to passenger,60,12,573,440
img_101682_jpg.rf.7bafde48f967d9a804d704c9e673ba33.jpg,640,480,drinking,4,0,571,479
img_125_jpg.rf.7c19df86cd69a509c93dbc2e4186b308.jpg,640,480,talking to passenger,133,4,606,432
img_297_jpg.rf.7c1ea7d2a943f0c7dcb64395dc3239fb.jpg,640,480,drinking,102,35,580,379
img_101759_jpg.rf.7b9dad25837655cf791939229d638522.jpg,640,480,reaching behind,96,14,639,455
img_101526_jpg.rf.7c7347a739552e55447e30e953f6217e.jpg,640,480,operating the radio,161,0,639,464
img_423_jpg.rf.7d24faa1a10b76ce77bb3268329304d8.jpg,640,480,texting,77,27,570,461
img_89684_jpg.rf.7c45a5f27c05946e774c050361d4d459.jpg,640,480,safe driving,66,12,598,421
img_258_jpg.rf.7c8b00de23243aab5fe82866d7b2992b.jpg,640,480,talking on the phone,82,43,540,429
img_2005_jpg.rf.7e62c39d42379b3f6630e275a520841b.jpg,640,480,texting,60,62,556,444
img_90159_jpg.rf.7dd558ff48f3faf34c4be743a39a457e.jpg,640,480,safe driving,88,11,529,366
img_381_jpg.rf.7e687f425c022ed4bd46d04caaeaa41e.jpg,640,480,talking on the phone,155,7,639,390
img_1363_jpg.rf.7e9263ed8a3b36731b9d5516e52982a1.jpg,640,480,safe driving,62,60,563,364
img_4343_jpg.rf.7ea2338968b3f9649b99423622ec7a39.jpg,640,480,texting,119,61,547,479
img_133_jpg.rf.7ea0c8cf1b5543766be9d0607a8b326f.jpg,640,480,reaching behind,0,0,563,461
img_3084_jpg.rf.7eba62ebe0dec60738024427df4c4b51.jpg,640,480,talking to passenger,115,27,604,437
img_2191_jpg.rf.7ec4cda21c3524b4a5ecb94509c99456.jpg,640,480,safe driving,94,58,564,417
img_2653_jpg.rf.7efae1df89c9d3b2ee480d69208117c7.jpg,640,480,safe driving,89,71,594,410
img_3477_jpg.rf.7edba93f298d799ed131d800909c5af6.jpg,640,480,texting,63,0,458,448
img_93870_jpg.rf.7f06036914f36273e28a405221b7fc7a.jpg,640,480,texting,70,9,603,479
img_77_jpg.rf.7f20119c2f1e644829c0c1c66dbce415.jpg,640,480,talking to passenger,91,71,500,479
img_3027_jpg.rf.7f27ca008bf2d717dd56fcaa3e0344db.jpg,640,480,drinking,186,5,633,376
img_1929_jpg.rf.7f3692a4069474d9cf3ec148960bac62.jpg,640,480,safe driving,27,65,559,439
img_92674_jpg.rf.7f3b95443b0cce7ce6c2a2af7f91c00c.jpg,640,480,texting,113,0,639,425
img_3243_jpg.rf.7f6109c82e4c43c0444422378c510dc4.jpg,640,480,safe driving,81,27,582,397
img_1024_jpg.rf.80ed213dcb7c615ebb5b768ff55168f5.jpg,640,480,operating the radio,79,63,639,463
img_54_jpg.rf.7f79a512d65019ae162d64173328687e.jpg,640,480,talking to passenger,47,0,527,421
img_3298_jpg.rf.80a16e2574fa3b4a7b5d3d59da7f664f.jpg,640,480,talking on the phone,107,67,584,392
img_157_jpg.rf.7fd2233d408feb7a9813278d9e64a1a2.jpg,640,480,drinking,39,24,435,338
img_101973_jpg.rf.8126ed6339694b623cbc70ad581233e4.jpg,640,480,hair and makeup,92,0,639,352
img_101632_jpg.rf.8113388a4885c5b87e7a5c0b07eba072.jpg,640,480,drinking,167,0,639,391
img_1057_jpg.rf.81519947c6a5853857d7c0bb952c0a39.jpg,640,480,hair and makeup,52,0,573,420
img_2992_jpg.rf.81f09eb7dcd86ce4570f3cf542f948c4.jpg,640,480,safe driving,101,77,546,365
img_101434_jpg.rf.823aaab4396565b6fa1086d62ca87ec2.jpg,640,480,reaching behind,33,0,639,456
img_69558_jpg.rf.8278a2ac6d7765fc35f4e3fd71306cef.jpg,640,480,safe driving,0,17,590,478
img_101909_jpg.rf.826427bdb1426f9d533cdb8edf5e7c04.jpg,640,480,operating the radio,136,55,639,404
img_3866_jpg.rf.82316e4f0cc0f93c8cda31b13f8603ed.jpg,640,480,safe driving,135,4,639,311
img_501_jpg.rf.828e20e1a3f842882e6e00a2ab5b9545.jpg,640,480,talking on the phone,18,69,562,457
img_100912_jpg.rf.82c04a29c95be1d1cc270d5c090dfec4.jpg,640,480,talking to passenger,63,9,592,479
img_89689_jpg.rf.832788a5faba5600ccc2d4cf74087e70.jpg,640,480,safe driving,109,47,639,399
img_101719_jpg.rf.83b0d0d913af83715c8deda05cea785e.jpg,640,480,drinking,4,0,567,479
img_3055_jpg.rf.8324a401f9db45e65020e7df2b762273.jpg,640,480,texting,93,65,550,479
img_102005_jpg.rf.83e51c6a43e5bde9878c81cf5a45b5f4.jpg,640,480,hair and makeup,25,0,561,387
img_3194_jpg.rf.83f1e9ba2b77c42bc90f23729431a9a8.jpg,640,480,talking on the phone,69,35,504,473
img_1148_jpg.rf.842dacd3544b72973c15a5ccc76a45d9.jpg,640,480,reaching behind,0,55,550,472
img_3371_jpg.rf.842e15f48a85c458048dc76a73dfba4f.jpg,640,480,hair and makeup,136,6,639,353
img_65222_jpg.rf.84701cbefd9bd5de62127646eac30b0c.jpg,640,480,safe driving,47,54,567,443
img_100431_jpg.rf.84a6f70730b06cb38e24f41af48fead1.jpg,640,480,reaching behind,0,76,565,479
img_1663_jpg.rf.8571d5ebde807acd553541ee4dfec5e9.jpg,640,480,drinking,179,3,639,376
img_3734_jpg.rf.84eb0362bf2b364878bb7279b8b85c64.jpg,640,480,talking on the phone,149,4,639,330
img_1327_jpg.rf.85ae9bb8581ab8dab4a07220ba37e341.jpg,640,480,talking on the phone,104,68,559,435
img_3787_jpg.rf.857c9c2164a2412742ae8bafa0f08c7f.jpg,640,480,talking on the phone,44,66,577,429
img_7953_jpg.rf.856310ed75b4252b32206ddd93e75bba.jpg,640,480,talking to passenger,71,54,565,450
img_575_jpg.rf.85e1e44e5dc04d66c29c58a4ed9dd18f.jpg,640,480,drinking,149,76,589,437
img_3319_jpg.rf.865f94a77fd3edd15213fa8b2983b5e8.jpg,640,480,drinking,27,35,540,431
img_1337_jpg.rf.86609aa53eac343e824ad6707ea4c60c.jpg,640,480,texting,52,67,569,462
img_796_jpg.rf.86405de4254837c7b25d2770375e61fb.jpg,640,480,operating the radio,123,0,639,376
img_4100_jpg.rf.8687df5f1979a7569e8135cf5c29c00d.jpg,640,480,talking on the phone,42,46,583,449
img_1687_jpg.rf.8684f17192950864b0451ebc267ca573.jpg,640,480,reaching behind,40,63,557,479
img_1907_jpg.rf.86895cfbc1f0d8675e0073423715a4e8.jpg,640,480,drinking,89,7,452,377
img_101209_jpg.rf.8745258e69e9180b66ae9201cfc367a1.jpg,640,480,talking on the phone,48,48,583,463
img_102114_jpg.rf.86e7b2434c79c8b304cfb1799652b1a5.jpg,640,480,hair and makeup,92,3,606,414
img_4481_jpg.rf.8725bb91a226e0d978d67796cff9a5a3.jpg,640,480,talking on the phone,53,70,564,456
img_443_jpg.rf.87adc31577a8873789347318873aac88.jpg,640,480,operating the radio,196,30,639,439
img_92906_jpg.rf.877401ea7d4afb8f69e5fdff57941216.jpg,640,480,texting,75,0,639,479
img_3779_jpg.rf.87b1b2d7849320582e16039093a71f34.jpg,640,480,drinking,46,26,456,438
img_2975_jpg.rf.8814b879ed408a4a7100f34e9c9ba00a.jpg,640,480,texting,81,8,457,439
img_5104_jpg.rf.88763670c5d93afe54f8d891fc9df9ab.jpg,640,480,talking to passenger,89,69,554,449
img_100976_jpg.rf.8827476a82136232672b070827e40570.jpg,640,480,hair and makeup,0,9,578,427
img_1146_jpg.rf.889a58782a65f353031a3851d1366d15.jpg,640,480,hair and makeup,94,30,577,376
img_3975_jpg.rf.895f07173feec5d7961c44cfaf7142e0.jpg,640,480,safe driving,43,56,527,479
img_5586_jpg.rf.8a0e1e32452cb7ef97eccf32f354ca94.jpg,640,480,hair and makeup,161,34,598,297
img_316_jpg.rf.89707461d3b174ce5c5524694701cbf3.jpg,640,480,safe driving,148,74,603,384
img_3948_jpg.rf.89a4743aaa3a15c9d8ed8ff429a68e68.jpg,640,480,hair and makeup,104,58,632,350
img_4664_jpg.rf.89a566bce80aea9b30561a608c5a6bfb.jpg,640,480,hair and makeup,107,46,491,432
img_6859_jpg.rf.8a2a7cfc8d2af5e4ab8627bd2ab3a142.jpg,640,480,texting,123,7,635,341
img_4904_jpg.rf.8a26034862ed40b8acc01bc274e44a25.jpg,640,480,reaching behind,126,8,639,478
img_102114_jpg.rf.8a78ab86825f0340516ac24810636038.jpg,640,480,hair and makeup,75,0,590,405
img_101751_jpg.rf.8aaf72bab116371c9466fc026c59ce4d.jpg,640,480,hair and makeup,16,26,579,474
img_55_jpg.rf.8a98cbdd345721d130cab5f805e17d0a.jpg,640,480,talking to passenger,134,46,639,416
img_531_jpg.rf.8949de42b6484cf8d1b80927b20ccc50.jpg,640,480,hair and makeup,126,0,639,413
img_2064_jpg.rf.8b0b1c22f23947db427ddc5e028d4e81.jpg,640,480,safe driving,154,10,639,366
img_2459_jpg.rf.8c2bba5b2b9ab156add839e5e44301ce.jpg,640,480,texting,46,23,467,447
img_689_jpg.rf.8b89dfc98b06ffc875b0b04d7a9c52bd.jpg,640,480,texting,30,64,512,479
img_2764_jpg.rf.8c2b19a7f4ff288141896a172e5544f2.jpg,640,480,safe driving,146,14,639,358
img_2747_jpg.rf.8cd7331218567036b4f401403ce272ea.jpg,640,480,operating the radio,94,80,631,462
img_2545_jpg.rf.8e11444d47b38fe8b42f45fa71df93ad.jpg,640,480,safe driving,80,77,573,418
img_636_jpg.rf.8dbd1cfe82ce6dcc33b209f517fc32e8.jpg,640,480,texting,53,21,527,443
img_2334_jpg.rf.8d8e562db02359ae63ff161a858a3cce.jpg,640,480,safe driving,124,65,636,398
img_1420_jpg.rf.8e24cf20c13e982062ae62a3e8527855.jpg,640,480,texting,164,3,639,415
img_659_jpg.rf.8e47fe083b88837d936c84ef559461bd.jpg,640,480,operating the radio,184,0,639,392
img_2618_jpg.rf.8e7493d7e12f2fc23d3993adfb2b2fc7.jpg,640,480,texting,60,48,491,479
img_2369_jpg.rf.8e8a2f80e6462d088aba618814285f90.jpg,640,480,operating the radio,211,0,639,384
img_3263_jpg.rf.8e55e7e6c7f056308642361d09ec4d5d.jpg,640,480,drinking,80,6,439,369
img_735_jpg.rf.8e8d7de4010a626bd719bae3f4191bae.jpg,640,480,operating the radio,200,0,639,421
img_100690_jpg.rf.8e9dda08cc9b4bbe1ea41122e9c0cce8.jpg,640,480,operating the radio,126,54,639,461
img_101993_jpg.rf.8e9f54b49e11c2464133fa863a4cdec2.jpg,640,480,texting,123,61,637,432
img_1016_jpg.rf.8ec129b72ff038469c973eebc01a924d.jpg,640,480,operating the radio,101,0,639,479
img_3482_jpg.rf.8fba147eab01fcc7ba534acad366163a.jpg,640,480,texting,69,68,494,464
img_1442_jpg.rf.8eb650cd7bd517cb6f6cc85299c3f623.jpg,640,480,talking to passenger,79,91,573,454
img_101850_jpg.rf.90a5494cb575eb9ac7dcf1ed355af3d0.jpg,640,480,reaching behind,3,0,639,479
img_491_jpg.rf.8f36379aaf7503b2f55cdb8cb4b946cb.jpg,640,480,drinking,22,25,562,479
img_65222_jpg.rf.90c334b8db1d3442614bf931ffd183d2.jpg,640,480,safe driving,49,57,563,437
img_101869_jpg.rf.90faf342ce3550ee53732e15ef8142fd.jpg,640,480,reaching behind,69,0,639,479
img_487_jpg.rf.8fd2487503fb8f4782e22c03ae8d46e6.jpg,640,480,talking to passenger,181,0,635,378
img_116_jpg.rf.91f60cb273d3dcd690c3e1936be9a2ef.jpg,640,480,reaching behind,0,0,639,462
img_379_jpg.rf.923b29f16a391840f9453f0e6f6a3150.jpg,640,480,talking on the phone,64,0,639,398
img_67217_jpg.rf.9209f4347558af49859f7783282d8236.jpg,640,480,safe driving,103,38,639,424
img_1098_jpg.rf.92724a3da08399700e315ccaec40281b.jpg,640,480,drinking,111,10,596,408
img_1671_jpg.rf.9309e228dfe1da880ac9050fadc0f9ab.jpg,640,480,talking to passenger,94,61,559,449
img_798_jpg.rf.92820505b70c4108d54879a3d4e68aa0.jpg,640,480,hair and makeup,30,64,503,454
img_63_jpg.rf.93171542bb6888b2abbe95fc4ea70028.jpg,640,480,operating the radio,231,2,639,454
img_498_jpg.rf.933cd9b0e181342d81559af40b719625.jpg,640,480,safe driving,116,0,639,349
img_659_jpg.rf.933632314223e0d36d9c11b3afde6fa1.jpg,640,480,operating the radio,206,4,639,374
img_3592_jpg.rf.0a57c7f7df62eba592f00b08668847c8.jpg,640,480,texting,109,24,626,479
img_2667_jpg.rf.086c220708730d5dc1f61d8463f63112.jpg,640,480,hair and makeup,60,44,516,430
img_2736_jpg.rf.08ba3ed51034b6aa96de917379b31504.jpg,640,480,talking on the phone,119,55,604,430
img_904_jpg.rf.0aa56606557bdf2133b96269f16fcbb9.jpg,640,480,reaching behind,27,0,639,479
img_101725_jpg.rf.09f898bb9e035f4dad85ee1b5877099a.jpg,640,480,talking to passenger,56,14,599,479
img_90390_jpg.rf.08af4b9a4559b26e7e141ba700dbbdd4.jpg,640,480,safe driving,8,19,579,475
img_2131_jpg.rf.095c607b47e4eafac3d5faed351076f4.jpg,640,480,talking to passenger,103,30,521,374
img_244_jpg.rf.09c10cc5dd967744f1e623f6a906a6bf.jpg,640,480,texting,48,0,596,479
img_69376_jpg.rf.0b3f9b3bf188ca763e58870bfb44e294.jpg,640,480,safe driving,134,0,639,392
img_2995_jpg.rf.0d1a9bcd25ef1da6892b1b93c5012acd.jpg,640,480,texting,70,69,505,390
img_102095_jpg.rf.0d9a1cca892836c05fe060700cdbbfa3.jpg,640,480,hair and makeup,52,0,527,330
img_472_jpg.rf.0d752af1e1f63a51bb18246aa480a9eb.jpg,640,480,drinking,157,0,639,406
img_2006_jpg.rf.0cd669060753f230623e647958bb529a.jpg,640,480,hair and makeup,56,7,456,357
img_100480_jpg.rf.0c6348a797bcf60c491f4276a32d4e02.jpg,640,480,hair and makeup,120,0,639,439
img_502_jpg.rf.0912b0c556e08f9c22d5fc61f0001f4d.jpg,640,480,talking on the phone,112,63,559,436
img_101914_jpg.rf.0d51a1d9ef9422ddb6522379f038aeba.jpg,640,480,drinking,42,0,639,479
img_92468_jpg.rf.0ce65309450f7eaefee34d3c76c23cb0.jpg,640,480,safe driving,81,48,600,442
img_382_jpg.rf.0c358287f2e35b7518adb2a3839c0263.jpg,640,480,talking to passenger,0,29,551,442
img_661_jpg.rf.0b0ce51046a8b991a8da612bbf65e9bc.jpg,640,480,operating the radio,38,4,639,479
img_102074_jpg.rf.08d5778eae808ad71f314d38f43ecb7b.jpg,640,480,drinking,81,22,590,479
img_2817_jpg.rf.0e07181e844d34b6df19e599ac058862.jpg,640,480,texting,82,56,525,352
img_4192_jpg.rf.0dc3dd9b431203512bf6db3b4a1c574d.jpg,640,480,talking on the phone,62,26,514,373
img_2159_jpg.rf.0eb7e4419d1feca42b94dddef4cd9dd5.jpg,640,480,reaching behind,47,78,527,479
img_4504_jpg.rf.0cc0620787a1926cd61dde61ecdcf855.jpg,640,480,reaching behind,36,44,612,479
img_4312_jpg.rf.0b716c339273d09447f6b54b147cea56.jpg,640,480,texting,108,59,511,479
img_101704_jpg.rf.0e87b048b84d11c80ff0e7771955a0bf.jpg,640,480,talking to passenger,100,48,547,386
img_100503_jpg.rf.0d11c41b0e8761a4f722e3b8fbe96b9a.jpg,640,480,texting,107,65,576,454
img_1069_jpg.rf.087fe554b3c50a51b8b824a2a99aff83.jpg,640,480,talking to passenger,129,69,636,389
img_3384_jpg.rf.0ebf4962ec9656b91c93ea33c5924de2.jpg,640,480,texting,89,69,516,395
img_2739_jpg.rf.0aa92cd12f90452dc0a2de3a839231c8.jpg,640,480,operating the radio,230,62,639,437
img_2373_jpg.rf.0efde0bbed7e83e53f2dfa4a404f56b2.jpg,640,480,operating the radio,119,72,639,461
img_2753_jpg.rf.0f1e010ca7af593e30bdb0528a6b1c30.jpg,640,480,talking to passenger,102,76,553,479
img_101631_jpg.rf.0f93e33e646482b8447e515c60e1a1b8.jpg,640,480,talking on the phone,72,20,571,474
img_100394_jpg.rf.0fa9ed9ffa2dae7d453b3a520a1262c7.jpg,640,480,talking to passenger,102,73,574,420
img_521_jpg.rf.0fdbecdbcf6f1f7c910ca118d251b67b.jpg,640,480,hair and makeup,193,15,639,332
img_3838_jpg.rf.0fa3fd85ebbbd220bd44f85824195df8.jpg,640,480,operating the radio,68,16,639,348
img_1640_jpg.rf.101158aa7822434c3a4c1c77195921cd.jpg,640,480,talking to passenger,141,74,639,405
img_2882_jpg.rf.10465d112b5e8a90ad24e1104842cc67.jpg,640,480,drinking,65,74,474,479
img_629_jpg.rf.10de53d66cb9712ae3c40246f0467965.jpg,640,480,reaching behind,31,31,637,479
img_92906_jpg.rf.108572a26dfc543f15b0746250547883.jpg,640,480,texting,94,17,636,479
img_81_jpg.rf.10876762345a16b511d852f29b817417.jpg,640,480,reaching behind,64,45,638,479
img_667_jpg.rf.110642490150317c2c624169712119a5.jpg,640,480,operating the radio,15,33,639,437
img_94_jpg.rf.110e6afa57a68fa6da86c66c576aa705.jpg,640,480,talking on the phone,117,6,590,409
img_233_jpg.rf.1163289f070333aafc1e7793e6038cdb.jpg,640,480,reaching behind,60,64,634,431
img_3966_jpg.rf.11c1544a624935d6c4b1b60d96b0048b.jpg,640,480,talking on the phone,137,4,639,311
img_101738_jpg.rf.11a2f999a90cbe3dc0bdfca206f6359e.jpg,640,480,drinking,128,63,632,451
img_4137_jpg.rf.122b3c5ea3bdddcb6c12a2c948d71e31.jpg,640,480,texting,136,9,607,399
img_2437_jpg.rf.122ca41f470f8c79df2b5513320b4ff5.jpg,640,480,texting,206,0,639,379
img_322_jpg.rf.11b93e30247895842a38d5052be3d208.jpg,640,480,texting,32,39,569,460
img_92742_jpg.rf.123906fb8989a638e2403b23affb78b8.jpg,640,480,safe driving,41,0,562,446
img_101252_jpg.rf.12905ebe23fb326a19794b503c5f8e49.jpg,640,480,drinking,113,0,639,420
img_2370_jpg.rf.12d90176337648bd337b58aaf94b9bf2.jpg,640,480,talking to passenger,104,43,616,405
img_102106_jpg.rf.13683d750d126f72310cc7770c90ce2f.jpg,640,480,hair and makeup,11,63,523,354
img_2412_jpg.rf.13b41f3a41ea54ad527ca3f1efd2854a.jpg,640,480,talking to passenger,134,60,521,453
img_4454_jpg.rf.13997c31ff2a35c5b1d32a708abe13f7.jpg,640,480,texting,135,64,605,479
img_3555_jpg.rf.1401bd9c35d28fa3c085151a1b3cc6f3.jpg,640,480,talking on the phone,150,76,582,396
img_312_jpg.rf.14c5db4543eee8a1a7007c4a1337468e.jpg,640,480,talking to passenger,42,27,503,479
img_97427_jpg.rf.14e91d5d174e49a2aa082a5d6a695ac3.jpg,640,480,texting,0,9,589,479
img_101561_jpg.rf.15091a6906e2eb09009525a0b68a2905.jpg,640,480,operating the radio,69,19,639,459
img_101746_jpg.rf.1459604e127b22a34ea9aa0d4b8fcfe3.jpg,640,480,drinking,119,0,639,416
img_101631_jpg.rf.14f6cd29b51f4d4876a87f5cd540b52b.jpg,640,480,talking on the phone,65,12,579,479
img_101850_jpg.rf.158a8c5a46c1f673cc557b06725bee85.jpg,640,480,reaching behind,9,10,639,479
img_1071_jpg.rf.1569bec17cd9bc92a6692d0955f4a5cc.jpg,640,480,drinking,93,61,500,437
img_101698_jpg.rf.158fa62cb283eb10bad035b226eb04de.jpg,640,480,reaching behind,0,60,587,478
img_97080_jpg.rf.15902c1633a28460025b62b51b9969be.jpg,640,480,texting,121,0,639,405
img_101908_jpg.rf.15a29cf887f46acb24e2d567162b5f54.jpg,640,480,drinking,87,37,639,479
img_2090_jpg.rf.1603a82bb89b41a9ef836cbab551c834.jpg,640,480,operating the radio,61,22,639,373
img_271_jpg.rf.15f732a7a79aba591473168c83222f72.jpg,640,480,talking on the phone,146,5,639,410
img_102144_jpg.rf.160888d73ff684378e034e56b4945762.jpg,640,480,drinking,102,37,639,479
img_3287_jpg.rf.161bf627b0cf35d7336c705cb67197b8.jpg,640,480,talking on the phone,87,74,506,418
img_101321_jpg.rf.161b184a8de10fbd3265eb5f06d0178a.jpg,640,480,talking on the phone,44,0,575,406
img_573_jpg.rf.16fe37f1402dad3347d87e1cc168c70b.jpg,640,480,operating the radio,100,0,639,479
img_1374_jpg.rf.16863f782dc79b1ee2d76144cda8a7e7.jpg,640,480,talking on the phone,94,83,526,373
img_102076_jpg.rf.173ec9d8bb5213ce75542d501b08a837.jpg,640,480,reaching behind,0,39,608,479
img_380_jpg.rf.17559c607aca06db3b83284f9dde6ea9.jpg,640,480,drinking,20,46,578,437
img_183_jpg.rf.183dd5d1f59e8e56261ba1387811f33c.jpg,640,480,drinking,72,39,621,479
img_216_jpg.rf.184928fb9c9c93a4eeb699bf9ab92d85.jpg,640,480,texting,173,3,639,371
img_462_jpg.rf.191788bbfbe5aab962daa19ba1f6c738.jpg,640,480,texting,88,56,570,467
img_101973_jpg.rf.18477db9d251a6d5de64d066721fa2b2.jpg,640,480,hair and makeup,126,0,639,372
img_55_jpg.rf.1818caad197d485f718c9f8b4ba3eb0b.jpg,640,480,talking to passenger,145,79,639,417
img_555_jpg.rf.1890f6719ce6b9213541748c9947d5dc.jpg,640,480,drinking,83,58,556,458
img_592_jpg.rf.19dbb7c1629cd06a6682166f29ab0abb.jpg,640,480,texting,202,4,639,343
img_392_jpg.rf.19b400a71afd50ffed86cc5381d680bd.jpg,640,480,texting,131,0,639,378
img_3446_jpg.rf.1a2e425f762f118df2a7d99d465a3fb1.jpg,640,480,talking on the phone,105,73,492,456
img_2925_jpg.rf.1a271973daaa8f1893bc473afef9f4d0.jpg,640,480,talking to passenger,60,39,549,479
img_1182_jpg.rf.1a5061b64c923a577e48b3eca62346aa.jpg,640,480,texting,66,70,507,470
img_340_jpg.rf.1a6d7a6996890c333508f692f562023c.jpg,640,480,reaching behind,0,59,538,432
img_68933_jpg.rf.1b94ac0205fd3a7a23890ed772d7640c.jpg,640,480,safe driving,63,37,598,413
img_90390_jpg.rf.1bfdd55b119df01ef46e29eb78243931.jpg,640,480,safe driving,3,10,585,479
img_100579_jpg.rf.1d156021cb1cbc9f2fd544ae2ca8d85f.jpg,640,480,operating the radio,21,22,639,479
img_101424_jpg.rf.1b5cd7fd5aa98a322b617f3240256457.jpg,640,480,talking on the phone,16,11,520,389
img_97634_jpg.rf.1af756d7e5c69953e39098d6c589900f.jpg,640,480,texting,72,32,610,457
img_2051_jpg.rf.1b3deb530c9908136d417f26a750dd0b.jpg,640,480,talking to passenger,152,82,620,367
img_101608_jpg.rf.1d4bb2ba7a209e72d80242a096257191.jpg,640,480,operating the radio,65,29,639,479
img_566_jpg.rf.1d7866c4d0f1d5ff2ebf4f6e63380456.jpg,640,480,reaching behind,0,17,588,479
img_100499_jpg.rf.1d90c790b0e32eeb751e367f965c3f34.jpg,640,480,talking to passenger,106,10,639,432
img_3039_jpg.rf.1d34531bf38934aca96b92af3e4ac1cc.jpg,640,480,texting,97,77,537,477
img_101746_jpg.rf.1e9b19f2687999f4691e872e4c8760e0.jpg,640,480,drinking,152,0,639,414
img_4505_jpg.rf.1dce821a845f32671a6c8e891523ad57.jpg,640,480,reaching behind,44,64,491,479
img_275_jpg.rf.1dbe34b0ecd69c78c5dc963fed741467.jpg,640,480,operating the radio,117,0,639,436
img_89586_jpg.rf.1e63f421c9e85a33d22c32c6e7ebfc0a.jpg,640,480,safe driving,68,36,566,442
img_101047_jpg.rf.1ea9115b5a72805087111d9c29a51f70.jpg,640,480,texting,145,78,628,385
img_3037_jpg.rf.1f373fe759215788462d99bc49546cda.jpg,640,480,drinking,144,3,599,424
img_5160_jpg.rf.1f01a1a1a9669f09c9519241d74b2efd.jpg,640,480,hair and makeup,36,59,502,404
img_100472_jpg.rf.1ef52b9f34415fdbc780e6c55cc44a07.jpg,640,480,operating the radio,15,48,639,466
img_3114_jpg.rf.1f68ecf82ff85866593de6ef584fa1c9.jpg,640,480,drinking,158,1,635,396
img_101984_jpg.rf.1f61f54d2cfc6d2425054e7079af352a.jpg,640,480,hair and makeup,17,21,592,439
img_3658_jpg.rf.1f7b9107042b5fd9b96acfe78d241384.jpg,640,480,texting,156,11,619,414
img_3730_jpg.rf.1f6dacadf8a64f1f167a84ff39c548c4.jpg,640,480,safe driving,156,0,639,320
img_2091_jpg.rf.1fba4a70690700c44da1b4af4231e925.jpg,640,480,talking to passenger,60,53,579,435
img_4499_jpg.rf.202c36372366d57bbad17a7a222993de.jpg,640,480,talking on the phone,114,32,631,382
img_101734_jpg.rf.1f95fa6f779bff272f8cce43406e4e44.jpg,640,480,operating the radio,63,40,639,479
img_118_jpg.rf.1fa72fd57238aff18e3f4606abb784e6.jpg,640,480,operating the radio,139,0,639,454
img_101319_jpg.rf.2050f2d6fd39e62483a3b43ddd7df199.jpg,640,480,talking on the phone,43,0,557,419
img_845_jpg.rf.2103aa3fc23b0f78a826d64fd2182207.jpg,640,480,reaching behind,83,0,639,433
img_213_jpg.rf.20a3372035f8d3eb7b94058b6d9e5563.jpg,640,480,drinking,20,44,510,430
img_100431_jpg.rf.205c629ec12dde48c8b7d583ac88dfa7.jpg,640,480,reaching behind,0,21,584,479
img_814_jpg.rf.21153f2e47d3c4aefc941c154eab99b0.jpg,640,480,talking on the phone,64,0,452,407
img_68662_jpg.rf.214d06a0418eb2831087d4ac213a702f.jpg,640,480,safe driving,41,28,526,381
img_4087_jpg.rf.214e0c36cd1b55a46afa2cdafca67b1f.jpg,640,480,texting,170,7,639,366
img_65494_jpg.rf.2103e8bbc2cd2d1510f7da8f6184960f.jpg,640,480,safe driving,28,12,533,414
img_2843_jpg.rf.21650ea368a4d092d17f548922e82eec.jpg,640,480,safe driving,70,25,581,389
img_102_jpg.rf.2252a033a7b0ebe1708b4defe9e12a3b.jpg,640,480,reaching behind,0,23,582,479
img_69558_jpg.rf.217294b30fd6fde4459187f56637d889.jpg,640,480,safe driving,25,61,561,422
img_101719_jpg.rf.22e14682530b2191e9ffaa92326b9cdc.jpg,640,480,drinking,31,4,546,448
img_398_jpg.rf.215999eaaaa956d053d2a92c3fc2a22f.jpg,640,480,reaching behind,52,58,625,424
img_4250_jpg.rf.22b72dde88a1a843bf559a235ba9fb8b.jpg,640,480,talking on the phone,194,1,639,284
img_2866_jpg.rf.22fb4add76304d6989768e3fa128010f.jpg,640,480,texting,129,63,617,479
img_2602_jpg.rf.22a2ba5a637fc99ae6eafa2c83abba9f.jpg,640,480,drinking,64,75,470,472
img_1564_jpg.rf.2339cab7dbb99fc6a213cf786b15ebfd.jpg,640,480,reaching behind,126,81,594,479
img_2046_jpg.rf.23294a4fbce0e5b27f1951a00ee3d3e5.jpg,640,480,talking on the phone,77,70,542,479
img_2147_jpg.rf.23bf38259dd9557e8dc71f026641ad06.jpg,640,480,talking on the phone,131,59,586,441
img_671_jpg.rf.23a052cb85086c372862b2971ae51ff2.jpg,640,480,hair and makeup,199,9,639,322
img_101608_jpg.rf.23ad65021f4d5f106f7ea679bea92332.jpg,640,480,operating the radio,89,54,639,454
img_3010_jpg.rf.243267e979173fc5745024c0395c2d20.jpg,640,480,drinking,146,74,543,426
img_948_jpg.rf.240ec6092a2235d97674aee949baa9b0.jpg,640,480,safe driving,129,63,638,342
img_101746_jpg.rf.23bf8611c0e2b786d976031f0699fe24.jpg,640,480,drinking,116,0,639,418
img_922_jpg.rf.2435695550112f30671e22160841adfb.jpg,640,480,hair and makeup,114,0,639,350
img_513_jpg.rf.245f4490ba2c5dbff7991ac2edfb4882.jpg,640,480,talking on the phone,94,30,622,461
img_2151_jpg.rf.247ac73ee125875dfb611b6d76da4ff9.jpg,640,480,safe driving,50,56,525,479
img_26_jpg.rf.248c01490305cbf08684153e100bd27e.jpg,640,480,hair and makeup,43,69,489,392
img_3476_jpg.rf.24d70f611be846086b29dcbb7653c471.jpg,640,480,drinking,85,61,582,462
img_3960_jpg.rf.24d62cc54a61810c6b4424918150dbb4.jpg,640,480,talking on the phone,51,49,547,443
img_101312_jpg.rf.24e5e09532d41c5405969d53fb9833da.jpg,640,480,talking on the phone,51,11,582,468
img_100912_jpg.rf.24da3b36744c3bb70e0301fb9651edfa.jpg,640,480,talking to passenger,66,13,589,477
img_1602_jpg.rf.24f7d5b4568c6f4b43c829309199cfe6.jpg,640,480,drinking,156,12,598,397
img_50_jpg.rf.25752f5781ffadd50c324a5b19a9434f.jpg,640,480,talking to passenger,42,0,543,447
img_1399_jpg.rf.256cfe7ad1246c28d3449772667d84b7.jpg,640,480,drinking,53,0,542,400
img_144_jpg.rf.24eabeca99630cf634d1470bd2ff39c5.jpg,640,480,talking to passenger,105,78,568,434
img_1273_jpg.rf.259fc8fa21febc1f1f1d035e91b05751.jpg,640,480,texting,154,1,639,366
img_149_jpg.rf.25fbefe97f51af5d308eea4e3177da97.jpg,640,480,texting,123,25,617,479
img_101749_jpg.rf.25f4f6b0299f214ec8ca51d5fb65530d.jpg,640,480,drinking,96,52,576,479
img_4128_jpg.rf.259030d8b03760f63513c7c156322bf9.jpg,640,480,hair and makeup,145,4,602,377
img_5335_jpg.rf.26c5f7533eb8261516d3167dd160b46c.jpg,640,480,talking to passenger,102,65,523,455
img_101770_jpg.rf.2642060c72921685ed1b9196bc89fe4f.jpg,640,480,hair and makeup,95,26,583,452
img_97508_jpg.rf.26dd89b86c844d761e7ffa5419edf998.jpg,640,480,texting,84,30,578,446
img_398_jpg.rf.2700621d18b0ec62e381741b115d1633.jpg,640,480,reaching behind,34,27,639,452
img_1530_jpg.rf.276d864e9b9a43b1409a4fbc55161bda.jpg,640,480,talking on the phone,81,55,495,456
img_3906_jpg.rf.278376e679a3d45bff78f16594350ef9.jpg,640,480,reaching behind,39,59,485,479
img_100738_jpg.rf.278fdefc122697556ed77cf9c58d006f.jpg,640,480,talking on the phone,26,0,561,410
img_101504_jpg.rf.27a0a141cc1e918ad1361f6f0a5b63c9.jpg,640,480,reaching behind,0,15,612,479
img_713_jpg.rf.27c5dec0edb650b4fba886e6b6f6bf38.jpg,640,480,operating the radio,42,42,639,479
img_1062_jpg.rf.2793b098f5b8428a446b76cd347f8043.jpg,640,480,hair and makeup,148,8,633,307
img_1138_jpg.rf.27ee2502cf0f36d353ca5b2124169597.jpg,640,480,talking on the phone,91,64,491,424
img_557_jpg.rf.27d48b57eb7c3e6485b1d52d0b127d8b.jpg,640,480,texting,146,3,639,428
img_713_jpg.rf.287d5f74f1146433b59b58dbd4b119d6.jpg,640,480,operating the radio,41,51,639,479
img_101659_jpg.rf.280fd6cf05c9360cfb455bfb9f71c2ef.jpg,640,480,talking on the phone,67,49,548,448
img_101298_jpg.rf.2943a5a5c990db2a6046e66ac51af1f9.jpg,640,480,talking on the phone,99,62,573,440
img_4008_jpg.rf.2960719a0b881231908e01e7b962c508.jpg,640,480,talking on the phone,35,25,479,303
img_792_jpg.rf.28b0d4fe4489dbc99110f36c5936536d.jpg,640,480,reaching behind,0,139,492,479
img_68860_jpg.rf.29786ae80a16e128ba154785fbe02a22.jpg,640,480,safe driving,70,16,598,457
img_204_jpg.rf.296e787f06fe4fe736f57eacab2d999a.jpg,640,480,texting,74,36,587,464
img_602_jpg.rf.29902a63fac8d29f18a0742e381a1a41.jpg,640,480,reaching behind,85,18,639,432
img_2575_jpg.rf.288710ed4fc40610865c1ad38a17b28d.jpg,640,480,safe driving,96,55,559,444
img_3352_jpg.rf.29920096f4c75eb36b7cb92c3e9d8ec9.jpg,640,480,talking on the phone,46,0,457,400
img_1048_jpg.rf.2a084098fd6828cd8752be455cc83e1a.jpg,640,480,operating the radio,157,39,639,454
img_90325_jpg.rf.2996bba73aa5e002412d59ba98705bdc.jpg,640,480,safe driving,5,0,589,408
img_81_jpg.rf.2b1f975209c30df2efeeb09501664ebb.jpg,640,480,reaching behind,87,0,639,412
img_216_jpg.rf.2b6b2da66765132753e1b0b4bad59606.jpg,640,480,texting,165,0,639,383
img_101298_jpg.rf.2bc93df9c46cbced255133b9eeffee6c.jpg,640,480,talking on the phone,69,29,596,479
img_101776_jpg.rf.2c2f917c595dda218ab73937cd320f08.jpg,640,480,drinking,36,0,545,401
img_124_jpg.rf.2bbec81750975267685a9bcd76a59856.jpg,640,480,drinking,69,20,453,437
img_312_jpg.rf.2c70d5075b6f539b9d56ed2882ab2090.jpg,640,480,talking to passenger,42,17,526,454
img_1655_jpg.rf.2bf898065548164242e82df99d534ada.jpg,640,480,texting,98,66,517,479
img_629_jpg.rf.2cf11e2b73539e54bafcc1b02c186434.jpg,640,480,reaching behind,64,0,639,435
img_102073_jpg.rf.2d05cbe40f1494aee3eceb4e75e7f5af.jpg,640,480,operating the radio,77,0,639,479
img_1016_jpg.rf.2c8034477ba3832b4feadd67830eb357.jpg,640,480,operating the radio,111,39,639,479
img_3317_jpg.rf.2d155f54bf1161eec620e2d098108b5b.jpg,640,480,texting,148,10,639,328
img_101293_jpg.rf.2d702a7a0fd9d4cf4c9fa927657c15be.jpg,640,480,talking to passenger,0,4,589,479
img_3012_jpg.rf.2d75d421f9c99466b5846ba76e32b1e0.jpg,640,480,reaching behind,104,23,601,479
img_232_jpg.rf.2d95f05eb30156e86b9bd5892fa27e50.jpg,640,480,drinking,1,3,593,479
img_102111_jpg.rf.2ea9615a26f196e014a41543e8df926e.jpg,640,480,drinking,66,13,638,479
img_4135_jpg.rf.2da252bc3a45f78c9ae6f1ff6b0660d3.jpg,640,480,texting,142,77,561,403
img_1718_jpg.rf.2ea962bd23f9bfaa2ac0da0ded15b10c.jpg,640,480,operating the radio,115,27,639,438
img_895_jpg.rf.2ef17faf62ac23f9de3b19696c0c6514.jpg,640,480,hair and makeup,56,41,554,443
img_2025_jpg.rf.2f1fd55663353efd9f0827183fb7791b.jpg,640,480,talking to passenger,69,50,513,403
img_1570_jpg.rf.2f7909f551e740098a1f70d0b8b761c1.jpg,640,480,texting,26,42,488,470
img_3006_jpg.rf.2f59b60ff403d09ef82fd5923a83bdec.jpg,640,480,talking on the phone,160,10,629,356
img_2346_jpg.rf.2fcbff2b8894d2111d43c5f1a579dbc2.jpg,640,480,texting,55,0,517,420
img_102111_jpg.rf.2fdbc16c3791fbd3fc42abb1a3f2bb77.jpg,640,480,drinking,50,0,639,479
img_101433_jpg.rf.2feb835a08754df84a930efcd0a01aeb.jpg,640,480,reaching behind,0,34,552,479
img_1125_jpg.rf.2ff7d0da98b63a82f316ad5f9ad50889.jpg,640,480,talking to passenger,67,68,567,445
img_1077_jpg.rf.300c247509ce5036cdf9be47386eb741.jpg,640,480,texting,29,68,514,479
img_382_jpg.rf.3034309e6630fc34a9c1f47d66cf5a00.jpg,640,480,talking to passenger,0,0,581,479
img_258_jpg.rf.3045a62d158b823c234854e795430a15.jpg,640,480,talking on the phone,79,43,541,436
img_101751_jpg.rf.30521f7642fd858947369c40677eb2a5.jpg,640,480,hair and makeup,14,22,589,479
img_1367_jpg.rf.308c3660021c9ee0b122ca102bc667d0.jpg,640,480,safe driving,117,17,639,355
img_2198_jpg.rf.30951f1cb8185faea3268d35a77ee1ed.jpg,640,480,operating the radio,165,6,639,419
img_2902_jpg.rf.30ef611697fa3932c9444c3acc403cc2.jpg,640,480,hair and makeup,122,53,456,369
img_67217_jpg.rf.3143e8b87432976e0f46a0844d8e78a0.jpg,640,480,safe driving,103,38,639,424
img_93334_jpg.rf.3191335464d39c1e43515bf44fb8e343.jpg,640,480,texting,0,24,577,479
img_796_jpg.rf.31c0e4cb5ca658352b6a18ba4719421e.jpg,640,480,operating the radio,90,0,639,374
img_2553_jpg.rf.31d941945f8ce58517a4c184c17d4e09.jpg,640,480,operating the radio,82,38,638,479
img_4330_jpg.rf.31fa96f72d2e0ac91e6ea085b26fd353.jpg,640,480,texting,145,5,617,437
img_2746_jpg.rf.32347a303d5e68cdf32fe77f52aed202.jpg,640,480,operating the radio,105,82,637,479
img_101068_jpg.rf.32361c9f095fe49cd8bdc45c30383874.jpg,640,480,talking on the phone,21,22,555,479
img_607_jpg.rf.325836be4996733b95c75fc4d56e6987.jpg,640,480,talking to passenger,122,56,519,475
img_3700_jpg.rf.331d1e818286071a4c376dd3b0ba97e1.jpg,640,480,talking to passenger,102,72,571,447
img_212_jpg.rf.33bafa7c14ca90a2da4f7f39c4fe467a.jpg,640,480,drinking,70,75,469,469
img_322_jpg.rf.33bb97ff4b5f157c33f2728aebca1904.jpg,640,480,texting,17,19,588,479
img_2531_jpg.rf.33e2e479b6d4e43aad270684f15c67cc.jpg,640,480,texting,95,59,486,479
img_100995_jpg.rf.345691671a075bc75ed0326ba59194f7.jpg,640,480,talking on the phone,88,51,549,405
img_5064_jpg.rf.33ecc27a1b63437daa170f805db3993e.jpg,640,480,reaching behind,23,94,514,479
img_100846_jpg.rf.34aff1102cbaf212180280e45d6ca741.jpg,640,480,hair and makeup,107,0,639,320
img_3695_jpg.rf.34fad93cd9c858f093d9a063e196698e.jpg,640,480,texting,88,68,562,423
img_521_jpg.rf.34b5f21edafcd1a02c0afdbdf1ca4bbb.jpg,640,480,hair and makeup,191,13,639,338
img_212_jpg.rf.35215bab57c86bae563060b580f194ba.jpg,640,480,drinking,51,47,593,479
img_4365_jpg.rf.354092e58b95539a1b5d32ded91be98b.jpg,640,480,hair and makeup,91,44,486,411
img_67090_jpg.rf.35376dfb004c1e6df57f9e00eaa8c46b.jpg,640,480,safe driving,49,45,588,443
img_713_jpg.rf.3551eb54beefd04254ed891ee387045a.jpg,640,480,operating the radio,53,71,637,479
img_101434_jpg.rf.3582b28f50491830367f245443726b8f.jpg,640,480,reaching behind,58,40,639,420
img_508_jpg.rf.3574cb98112b69e8dacf166d26d3cc2a.jpg,640,480,drinking,105,0,639,433
img_1605_jpg.rf.358ead6341f5c74a0179d03eda9eced2.jpg,640,480,operating the radio,139,0,639,377
img_101097_jpg.rf.35d6fabc182d5d1186e084791a208d57.jpg,640,480,talking on the phone,104,58,537,386
img_4069_jpg.rf.35a5c23e900fd33a5e0416eec30e018d.jpg,640,480,texting,94,46,553,435
img_667_jpg.rf.360793d82f2b23bc634e8ed6912a3679.jpg,640,480,operating the radio,32,65,638,409
img_4217_jpg.rf.362c0edd53b90cf6bbd9794716789334.jpg,640,480,texting,149,9,622,447
img_1149_jpg.rf.3600fe9de989330916081704aa57ba6c.jpg,640,480,drinking,59,29,470,447
img_1578_jpg.rf.35e778f4c03ff2cba8876b677fd4d4f0.jpg,640,480,talking on the phone,130,68,614,440
img_100480_jpg.rf.3676c95fe814931dabd475cc0234c9f5.jpg,640,480,hair and makeup,137,6,639,394
img_4884_jpg.rf.36755b8214446719b5755ec16a980c24.jpg,640,480,talking to passenger,58,41,577,453
img_5741_jpg.rf.36b4771cefe4d14b873b56023c4c45f7.jpg,640,480,reaching behind,9,48,575,407
img_97427_jpg.rf.36a8123c99100c2a323d81b20ad7fa5f.jpg,640,480,texting,15,37,574,469
img_3103_jpg.rf.36f6ae93e550f2d1a3fda290f76ee973.jpg,640,480,operating the radio,106,27,639,443
img_796_jpg.rf.3708b67a3b3ffc5a8135ec52a9b5cc3d.jpg,640,480,operating the radio,128,9,639,328
img_602_jpg.rf.371fcb27c24014380979181b8affd83e.jpg,640,480,reaching behind,65,0,639,455
img_101433_jpg.rf.372b33e2b2fb77a5e9d1844704400be5.jpg,640,480,reaching behind,0,66,521,450
img_2958_jpg.rf.37a762c9342c1ac6910b8c28c5f0295b.jpg,640,480,hair and makeup,128,54,628,445
img_154_jpg.rf.37d51efe15448bec5ac0f73451506cda.jpg,640,480,talking to passenger,68,71,549,426
img_1554_jpg.rf.379fa81d193784b3749f34edd67d0834.jpg,640,480,hair and makeup,118,46,489,366
img_845_jpg.rf.0041cd150dccc123ebe9c56b2ef6000f.jpg,640,480,reaching behind,64,5,639,474
img_3705_jpg.rf.002e6504dbf869c09a6cda1401beff40.jpg,640,480,operating the radio,131,65,636,479
img_120_jpg.rf.0065180d578a7953d759f4cc7c2080a0.jpg,640,480,operating the radio,13,0,639,428
img_590_jpg.rf.00bec456955c1547d2632562c239a1a6.jpg,640,480,drinking,64,42,506,471
img_101434_jpg.rf.00c5edb0fc4fd1f568acc598eb340d8c.jpg,640,480,reaching behind,41,9,639,445
img_325_jpg.rf.014e9c321309608e30c096d37d69ac6b.jpg,640,480,talking to passenger,118,0,639,420
img_1220_jpg.rf.01a956c35e524930b7c03ba07b52c5ff.jpg,640,480,reaching behind,37,75,473,479
img_346_jpg.rf.01b81a877aece254de1eff812fd82238.jpg,640,480,talking on the phone,90,58,498,460
img_2845_jpg.rf.0219c9b3dab89b714b90a060acc16382.jpg,640,480,drinking,180,11,639,386
img_232_jpg.rf.01befd70e9252475101c2dfa9f0712de.jpg,640,480,drinking,10,14,597,479
img_700_jpg.rf.022bdc3ec84b0153389a54388f2875f9.jpg,640,480,texting,142,25,561,435
img_90719_jpg.rf.036bf006e0d639a28f995dbb26ff55fc.jpg,640,480,safe driving,86,58,565,406
img_1950_jpg.rf.038b8bb4a94183cc9a76f8243a7068a5.jpg,640,480,texting,58,52,494,479
img_566_jpg.rf.038009ba648e3d06105220ad12d76d4c.jpg,640,480,reaching behind,44,62,537,479
img_3715_jpg.rf.03a5f1f14c97fd7bc032e71c7423670e.jpg,640,480,texting,158,72,588,394
img_0_jpg.rf.03b4da8f7c132930b687121bbd4c9bec.jpg,640,480,drinking,144,74,619,425
img_101973_jpg.rf.03b3306e600564497e428236a34b9830.jpg,640,480,hair and makeup,124,0,639,392
img_794_jpg.rf.048c3ff3f6d1e2e97e45545ff24a847c.jpg,640,480,reaching behind,97,29,639,398
img_99104_jpg.rf.04bdeaba76e89c81ffe25c45f4650978.jpg,640,480,talking to passenger,156,15,637,362
img_448_jpg.rf.04dd827af6c578a02c8420953bfccf4a.jpg,640,480,texting,87,67,474,455
img_100215_jpg.rf.04c44705607e8d1ebbf11e4aec83cf04.jpg,640,480,operating the radio,22,64,638,424
img_8613_jpg.rf.0509b5fb93f928bcb7688920a4df8f6c.jpg,640,480,hair and makeup,89,46,576,390
img_101503_jpg.rf.05128846a2e3b3b2dc921a29152ff671.jpg,640,480,talking on the phone,0,17,540,454
img_1218_jpg.rf.058daba960fa8f9b783189bf000587bf.jpg,640,480,talking on the phone,72,31,505,459
img_101759_jpg.rf.05938c1743c689b3b72269170176197e.jpg,640,480,reaching behind,87,10,639,477
img_1424_jpg.rf.0609269da1760c4324ae32b7c08e9403.jpg,640,480,drinking,95,82,490,479
img_102056_jpg.rf.05caf2f33d670cf2210dabbe34f181f1.jpg,640,480,drinking,156,0,639,409
img_3969_jpg.rf.068fdf094629adcf9bb2cdeef7b57dd9.jpg,640,480,reaching behind,0,63,560,474
img_887_jpg.rf.066cfde0c1b12892bee836bdc84a5d1c.jpg,640,480,hair and makeup,68,0,639,461
img_101123_jpg.rf.05b925fcc3bb344986f5c9c93cb034fc.jpg,640,480,talking on the phone,66,42,576,417
img_487_jpg.rf.05d6771f50efea219f86de9ee4fec9ea.jpg,640,480,talking to passenger,124,0,639,413
img_2772_jpg.rf.075daab8088e84698631fd157ffdf860.jpg,640,480,operating the radio,182,0,639,397
img_4041_jpg.rf.07ccc4ca49d07cfba8d3188700eb373a.jpg,640,480,operating the radio,143,42,639,460
img_3476_jpg.rf.0736d8438d290cd9adc82bbd95a8defb.jpg,640,480,drinking,81,51,590,468
img_101504_jpg.rf.077639732245aedd084b2bb5a08a20b3.jpg,640,480,reaching behind,12,72,576,420
img_1913_jpg.rf.07d000d73c4af78c771bf46fa3d4c73a.jpg,640,480,talking on the phone,135,75,633,374
img_510_jpg.rf.07f398d92fd8ecaed347cc4a7a5639cc.jpg,640,480,texting,137,74,584,390
img_673_jpg.rf.07d3d1457cdf50124d56e5955eac65af.jpg,640,480,talking on the phone,30,27,454,368
img_60_jpg.rf.080b48a84b73a23e6f9850e5bf3b7486.jpg,640,480,talking to passenger,34,38,513,431
img_101578_jpg.rf.9655279b7d7ae48657301d469a1e978d.jpg,640,480,operating the radio,92,21,639,462
img_1496_jpg.rf.943da542c045220d81486c7ee8ac292e.jpg,640,480,talking on the phone,128,61,600,427
img_1336_jpg.rf.95cab66818bdf73dc422f644fd278290.jpg,640,480,safe driving,78,23,575,407
img_357_jpg.rf.9741b91e4891ee8edf2881d2096313bc.jpg,640,480,texting,76,31,568,479
img_1842_jpg.rf.9490839740bc3a53acc594cc67792010.jpg,640,480,hair and makeup,87,57,563,391
img_101869_jpg.rf.93ac47e806d8fa50324bd7f9ded6695d.jpg,640,480,reaching behind,60,0,639,461
img_1055_jpg.rf.96132b12458cc0e6297f853f98436c9f.jpg,640,480,talking to passenger,39,59,536,479
img_928_jpg.rf.96838956346820bdaf04641c7ac26996.jpg,640,480,texting,151,27,601,450
img_4086_jpg.rf.980862252c6e33c9a202337d35dc9ebe.jpg,640,480,talking on the phone,76,0,533,394
img_1974_jpg.rf.998666eaa0403f9213b2bf8d1e770405.jpg,640,480,reaching behind,3,100,503,479
img_100846_jpg.rf.977fdf7d880c9f38e3a976cc35e0e596.jpg,640,480,hair and makeup,68,0,639,356
img_102005_jpg.rf.98f3753c198d541e19f5216121641911.jpg,640,480,hair and makeup,0,0,556,427
img_1467_jpg.rf.93ef5f54e30485803160ac222955373a.jpg,640,480,operating the radio,138,8,639,432
img_462_jpg.rf.93bf8e4fe24eae8b4df59f7cda365399.jpg,640,480,texting,83,43,583,476
img_2914_jpg.rf.98d3f5b3144e3510f5d9df44d58645a5.jpg,640,480,reaching behind,32,69,476,479
img_1256_jpg.rf.951be99169a1cf7bc86974abe7490f59.jpg,640,480,safe driving,116,64,632,399
img_100976_jpg.rf.963166d3b20c20610863b94e24fe5c7e.jpg,640,480,hair and makeup,1,24,569,406
img_468_jpg.rf.954af958283d211ce4211a0a48ff1da2.jpg,640,480,texting,91,27,622,414
img_1891_jpg.rf.94fb6c264e31ccad12940fe55ce59f92.jpg,640,480,talking on the phone,143,5,608,372
img_1338_jpg.rf.96595c9b336f276e941e8d531198edfa.jpg,640,480,hair and makeup,93,53,572,397
img_101367_jpg.rf.9939972175a52aa53d3fec88db53b89c.jpg,640,480,hair and makeup,1,0,600,479
img_3902_jpg.rf.937f095f38abcea2fe2c4bf9be5bbf3e.jpg,640,480,safe driving,66,43,588,426
img_2477_jpg.rf.9a67c152ac0a189418f42ea3c5b6924d.jpg,640,480,texting,173,2,639,389
img_1282_jpg.rf.9aafcf5424901c119835155e05693f18.jpg,640,480,hair and makeup,35,0,456,320
img_149_jpg.rf.9a2f647f7b85419820bc895cf5f44635.jpg,640,480,texting,114,24,626,469
img_90146_jpg.rf.9a3790be733a50e62ee4a5cdc898289b.jpg,640,480,safe driving,82,0,639,394
img_5365_jpg.rf.964f1621f85fe7a5b1cbfd3f512b654b.jpg,640,480,hair and makeup,52,41,505,479
img_101221_jpg.rf.93af3fda1243c6c7fc50ee34348a2a8b.jpg,640,480,talking to passenger,71,44,538,415
img_1062_jpg.rf.96e80945f3d6777c895e6dc66842a736.jpg,640,480,hair and makeup,146,2,639,319
img_296_jpg.rf.9b5f5e1d5c66934273b1c1aee77b4297.jpg,640,480,texting,47,0,639,458
img_2782_jpg.rf.9af846a5b53c981295677579c868b074.jpg,640,480,talking on the phone,112,31,602,366
img_100368_jpg.rf.9ba0b359c413a7405da270554dddf5fc.jpg,640,480,hair and makeup,72,33,588,442
img_102129_jpg.rf.9b8a5cc0114aaeddd61d9bf5eba9382a.jpg,640,480,reaching behind,7,47,592,464
img_90719_jpg.rf.9ba4510c87cd5157bf1776f33f3d6574.jpg,640,480,safe driving,73,39,575,424
img_7186_jpg.rf.9ba91260f35d5a3542a25a84856aa9cf.jpg,640,480,hair and makeup,111,7,631,373
img_1303_jpg.rf.9bb13269c06a0158bb3dc57ddc93d303.jpg,640,480,talking to passenger,47,28,480,452
img_445_jpg.rf.9cf2f8b165b3638d6740bfc277dd7e3d.jpg,640,480,talking on the phone,15,71,548,453
img_94_jpg.rf.9d1931c0c3029650012854a1b50d6807.jpg,640,480,talking on the phone,100,0,639,451
img_77_jpg.rf.9e178178c3f83555397feaefddc9586b.jpg,640,480,talking to passenger,80,60,567,444
img_72_jpg.rf.9c2d6d5a2f317815535458a1c83b8ba5.jpg,640,480,drinking,111,59,482,479
img_271_jpg.rf.9cf55155b9b037ad99856049379dbead.jpg,640,480,talking on the phone,133,0,639,441
img_340_jpg.rf.9e264d581ada7f11fe3474b0197e4a35.jpg,640,480,reaching behind,0,136,531,474
img_1825_jpg.rf.9e2cd2305deeb7e3198585f0d1a14810.jpg,640,480,talking to passenger,112,41,613,421
img_4292_jpg.rf.9edefaaf7d70fef819079caaaa30a9cb.jpg,640,480,reaching behind,93,47,636,479
img_2879_jpg.rf.9e8617c049dc1a89f4fd6cf8e14d83dd.jpg,640,480,reaching behind,1,96,564,479
img_270_jpg.rf.9eef3d03d8667d8e219a584d29b21895.jpg,640,480,drinking,66,0,639,479
img_93274_jpg.rf.9e2ba2d90a3b09c92f6b7d39364db144.jpg,640,480,texting,108,0,639,479
img_2479_jpg.rf.9ebb7b8eb21fe5fe6c089a525f90a259.jpg,640,480,talking on the phone,94,36,602,424
img_92645_jpg.rf.9efd9b7eb92ab9db90606a8cdeaa3a8a.jpg,640,480,safe driving,116,0,639,353
img_2236_jpg.rf.a023b849750a997b04409b7bdff171ed.jpg,640,480,safe driving,97,80,570,401
img_440_jpg.rf.9f610aec975b5813b8d1d6311d9b421a.jpg,640,480,talking on the phone,63,37,538,392
img_487_jpg.rf.9fa0853b5b3720ca53c66c747b736bef.jpg,640,480,talking to passenger,131,0,639,409
img_1086_jpg.rf.a05c589ce866e3b02ae09a5635547b3e.jpg,640,480,reaching behind,3,107,478,479
img_1975_jpg.rf.a09146d1e277822dc05d107d1259c7b2.jpg,640,480,drinking,101,56,502,432
img_100327_jpg.rf.a0617f7f6ce6aad57a453e2bfaea7a65.jpg,640,480,talking to passenger,166,0,639,357
img_1257_jpg.rf.a08df93b8973cab7536ce0840f934a92.jpg,640,480,texting,142,29,602,413
img_3004_jpg.rf.a0b54b93838ac8a01ca1fb273e65f27b.jpg,640,480,drinking,8,33,574,479
img_2645_jpg.rf.a1000cc93d8a2fa48cabcf78e6d4f8c2.jpg,640,480,operating the radio,162,1,639,429
img_3547_jpg.rf.a0d1d78925bfc7db28c2c21c448e00b3.jpg,640,480,talking on the phone,159,11,633,353
img_1764_jpg.rf.a124296a5fbd9cd938703cd31dd2c932.jpg,640,480,talking on the phone,27,23,456,376
img_1614_jpg.rf.a14e3ca406ec44d1500f247eb2d298b6.jpg,640,480,hair and makeup,32,32,507,479
img_81_jpg.rf.a19fa4fbafd610367121e250832021c2.jpg,640,480,reaching behind,108,0,639,431
img_5609_jpg.rf.a1d27e18482b3d0902f7b1d6168c7cea.jpg,640,480,reaching behind,101,3,636,408
img_2594_jpg.rf.a1ee918345e591142cbb25eccef7617d.jpg,640,480,reaching behind,4,60,626,479
img_133_jpg.rf.a1c71a1739c2d69ad6bb08e791a39724.jpg,640,480,reaching behind,0,0,559,479
img_562_jpg.rf.a2512dc57f0300408026aef62ab8096e.jpg,640,480,talking on the phone,89,58,487,416
img_1760_jpg.rf.a2d3eee710d66c4a50e7e2fca745e2cb.jpg,640,480,talking on the phone,112,72,524,345
img_97728_jpg.rf.a2f0057c45a19bac495fa234010f4c29.jpg,640,480,texting,77,18,632,411
img_115_jpg.rf.a32514b19ff2e982d459573c45066036.jpg,640,480,texting,68,44,572,479
img_1342_jpg.rf.a2e4603702d277e84b6df3c855b2beac.jpg,640,480,texting,67,70,551,435
img_101607_jpg.rf.a306acb8939e15b0b7dcd7cf189c3e84.jpg,640,480,operating the radio,88,13,639,479
img_3400_jpg.rf.a3066a41c10ce4265c11c56b7edc27bf.jpg,640,480,operating the radio,130,58,639,478
img_302_jpg.rf.a329da07a239630c2e3746bca15571b2.jpg,640,480,hair and makeup,38,57,523,445
img_101659_jpg.rf.a33348323018c884e9b0b66606317af3.jpg,640,480,talking on the phone,88,78,524,414
img_144_jpg.rf.a346a3d0359873b7555c96bdc6c28c4d.jpg,640,480,talking to passenger,93,55,579,451
img_452_jpg.rf.a32bb5c762c9716f0c27aa8eadbe0067.jpg,640,480,talking on the phone,63,0,534,398
img_116_jpg.rf.a348c102b513e8418773c6a72a220ad7.jpg,640,480,reaching behind,0,75,592,475
img_3430_jpg.rf.a36f7dc24f9953cc39f561e34dc28a3f.jpg,640,480,drinking,49,36,467,440
img_2407_jpg.rf.a40365bdd6faca3199ae00f8918e1ebc.jpg,640,480,texting,81,54,556,441
img_2529_jpg.rf.a412ec77359cf77be8125a843f432ef3.jpg,640,480,talking on the phone,139,6,639,304
img_7442_jpg.rf.a4c0e110d3f3860f032de6df535b2bc6.jpg,640,480,talking to passenger,37,58,563,468
img_60_jpg.rf.a55e047b17f3cf0b6ae243b3c3f7460b.jpg,640,480,talking to passenger,34,20,509,453
img_144_jpg.rf.a4ec0122145c2be7bc877155b8d7af72.jpg,640,480,talking to passenger,68,25,599,479
img_97634_jpg.rf.a5225f507cf9d5a07da0527674a244e7.jpg,640,480,texting,87,64,591,436
img_3648_jpg.rf.a5877868f6244d3f13cec95c78e19f80.jpg,640,480,reaching behind,106,11,636,479
img_6_jpg.rf.a595408f720876e9cf8779f08a1f485f.jpg,640,480,texting,55,31,581,479
img_101734_jpg.rf.a58e8c5069f5b5d237879d20e0ce084a.jpg,640,480,operating the radio,84,45,639,474
img_92383_jpg.rf.a5c4703b593223734952c0a2e36ddd88.jpg,640,480,texting,134,0,639,455
img_3533_jpg.rf.a5ef933a97ed68b2615c39f7f5486fde.jpg,640,480,operating the radio,109,23,635,434
img_3476_jpg.rf.a5d9efa1d70b9ec2c8c941b980f250b9.jpg,640,480,drinking,62,35,599,479
img_101544_jpg.rf.a5fa9d074691aefc958ae0b23fc6e8e7.jpg,640,480,operating the radio,125,9,639,479
img_101364_jpg.rf.a61c5db95ee2386daa074fde0351114a.jpg,640,480,talking to passenger,98,0,639,399
img_322_jpg.rf.a677df75521418e6b2ac808d94d23875.jpg,640,480,texting,11,9,597,479
img_101908_jpg.rf.a6ad68a705f2c56709d211c809e2e7fb.jpg,640,480,drinking,102,49,639,480
img_2805_jpg.rf.a706dd57bc0eae4cebe4fb08c7921d23.jpg,640,480,safe driving,155,76,602,402
img_101713_jpg.rf.a6255ff960255ecff359cb307eaa4ecd.jpg,640,480,drinking,84,0,639,414
img_99441_jpg.rf.a62e76ba485f7448e8910a8edd342405.jpg,640,480,operating the radio,35,0,639,423
img_3358_jpg.rf.a63f74abf3973aed4ed191949c15b313.jpg,640,480,texting,64,68,496,479
img_5_jpg.rf.a71b22cb33d5b5cd57be77eb0305a72e.jpg,640,480,texting,51,19,518,365
img_67176_jpg.rf.a6d8ead68ac71a4d384c7d669f4531c1.jpg,640,480,safe driving,125,0,639,391
img_102083_jpg.rf.a7354c08b0e6766afb4253be5460cab6.jpg,640,480,talking on the phone,119,0,639,325
img_1567_jpg.rf.a6ecb9c8d747816f2390736870dd7349.jpg,640,480,hair and makeup,60,31,527,479
img_253_jpg.rf.a7483ca21afbff84f6f8cb8125f42507.jpg,640,480,talking on the phone,18,0,541,441
img_90173_jpg.rf.a71d832fd9b0831f9ce7ecfb06597dd1.jpg,640,480,safe driving,80,42,594,450
img_508_jpg.rf.a75d0bcb15bd9dc290ec40aa81a4ef97.jpg,640,480,drinking,100,0,639,393
img_125_jpg.rf.a774bb76fcedf4d425865acec45d4093.jpg,640,480,talking to passenger,108,0,639,420
img_101258_jpg.rf.a7b15315f50db5f9ef007b8130354508.jpg,640,480,talking on the phone,113,0,639,423
img_5163_jpg.rf.a86894e85a37c5cd4146592a8e6ba108.jpg,640,480,talking to passenger,88,65,499,479
img_186_jpg.rf.a82a8d1253751c8832aef3037b76857b.jpg,640,480,talking on the phone,38,58,579,479
img_90390_jpg.rf.a8b885a5113a2399ccce4f4bc8a69e68.jpg,640,480,safe driving,8,19,579,475
img_1761_jpg.rf.a8d025a4f85a8b47d9a300fe5b0228c3.jpg,640,480,talking to passenger,38,64,490,479
img_398_jpg.rf.a99e7e11c0bd8537a9fd611aac5f9df8.jpg,640,480,reaching behind,40,40,637,445
img_4083_jpg.rf.a96752da08ed4528ab3efe1821eb13dc.jpg,640,480,operating the radio,163,9,639,391
img_1005_jpg.rf.a9a019d7951d120aaa1b9f222fae62f2.jpg,640,480,safe driving,149,9,636,383
img_101814_jpg.rf.a9b79b72505f0fd711b81e97cba05a13.jpg,640,480,hair and makeup,0,0,615,420
img_102083_jpg.rf.a9af55b55b55e6c36b608f2948efa84f.jpg,640,480,talking on the phone,107,0,639,335
img_101776_jpg.rf.aa172837dbf5185f44b0061ba9b72447.jpg,640,480,drinking,73,6,527,359
img_887_jpg.rf.aa4af81b77d5bce9ca669b69fd959321.jpg,640,480,hair and makeup,91,14,593,440
img_548_jpg.rf.aa570cfe37022d42cdf1d6a168f87956.jpg,640,480,talking to passenger,19,0,597,443
img_90156_jpg.rf.aa00178f7ebfd84b9e775be05825f7e5.jpg,640,480,safe driving,73,31,541,404
img_270_jpg.rf.aa782f4f16f486f256f42d97995eba0c.jpg,640,480,drinking,49,0,639,479
img_2130_jpg.rf.aaf2b2197c5e594bdc60c30044c66f85.jpg,640,480,operating the radio,172,10,639,385
img_115_jpg.rf.aa655e09a78afc5a64f099c8676a35ea.jpg,640,480,texting,77,47,575,479
img_92358_jpg.rf.aafb364322bffb7ad396b35ed82c12b2.jpg,640,480,texting,73,39,571,479
img_93274_jpg.rf.aab527165c7f37434895d16c2402da6d.jpg,640,480,texting,119,3,639,479
img_2554_jpg.rf.ab30df4d3b8d9783e661935bd6dd34f6.jpg,640,480,operating the radio,79,41,639,477
img_3040_jpg.rf.ab3c40c84ec0b557414c9b8ccdd5dbbc.jpg,640,480,texting,29,52,544,453
img_664_jpg.rf.ab57764876f061a42909bd8ef93023fa.jpg,640,480,talking on the phone,153,2,639,389
img_101047_jpg.rf.ab11a108fe525ea313e4acd35dbc1f21.jpg,640,480,texting,133,61,639,415
img_101364_jpg.rf.abae0adcbf1b5074588ce1e8ab6023e6.jpg,640,480,talking to passenger,88,0,639,408
img_1786_jpg.rf.abb1bfa48fe5eb810e6c010553e02b32.jpg,640,480,drinking,88,67,508,430
img_56_jpg.rf.abb4ca732a9ac8ecab65276f8b4ed328.jpg,640,480,operating the radio,89,72,639,402
img_102144_jpg.rf.abeab4060daa16fb393b566fdf37b6e5.jpg,640,480,drinking,112,44,639,479
img_1024_jpg.rf.ac3111fc53dc7b6fa23a47e19b2ccfc9.jpg,640,480,operating the radio,58,25,639,462
img_195_jpg.rf.ac3018dae68a478432f96c9bde4eadc4.jpg,640,480,drinking,45,0,556,391
img_89613_jpg.rf.ac5aca74ccba3215a648093e0dec1605.jpg,640,480,safe driving,49,29,596,439
img_101011_jpg.rf.ac320b7ecbd6ecb71a7c0c69c1ec2dea.jpg,640,480,operating the radio,123,9,639,479
img_844_jpg.rf.ac99dba80cba808c1323c2cad78feeeb.jpg,640,480,safe driving,54,70,560,458
img_1805_jpg.rf.ac6e7e1c89f1cbada4a7f1d8210ace96.jpg,640,480,talking on the phone,152,77,553,398
img_421_jpg.rf.aca4482061e4b36781a983c3f9c8c6b1.jpg,640,480,reaching behind,0,1,606,479
img_602_jpg.rf.acb90c515076448d438401201b7805e4.jpg,640,480,reaching behind,98,40,639,417
img_101713_jpg.rf.acdc0e6654d9dfd1f40176bcfab5d4c5.jpg,640,480,drinking,112,0,639,405
img_14_jpg.rf.ace3768f5004be8b783fd40cf641cf6c.jpg,640,480,talking on the phone,61,66,548,441
img_1651_jpg.rf.acfa24c983d280b99f2002f3a1f207c1.jpg,640,480,operating the radio,187,3,639,340
img_4154_jpg.rf.ad348d279bcad46edec82c908e0f2236.jpg,640,480,talking on the phone,73,47,528,459
img_3691_jpg.rf.ad58685d2dd121dcfb43f1881c193eee.jpg,640,480,reaching behind,0,156,524,477
img_1208_jpg.rf.ada11cc30cce741edbeaa6725150de35.jpg,640,480,drinking,36,68,513,436
img_874_jpg.rf.adb203e4bef06494c371712781648d54.jpg,640,480,hair and makeup,122,43,636,404
img_14_jpg.rf.adfc8c2ac01e6fbea367a0fd0c6d7f3e.jpg,640,480,talking on the phone,51,40,568,445
img_1709_jpg.rf.adb285d089205be11259d76f54f815ff.jpg,640,480,talking on the phone,14,47,527,433
img_72_jpg.rf.ae59daf58f10605ce05e557e81301038.jpg,640,480,drinking,77,17,584,479
img_101123_jpg.rf.ae52cad081b655bec0aac628129fd09c.jpg,640,480,talking on the phone,37,2,602,457
img_92383_jpg.rf.af2e2cb92b31e11eba05cf7b0695dc61.jpg,640,480,texting,124,0,639,475
img_101366_jpg.rf.af2d7b3541c3e55fc119fbde31128844.jpg,640,480,talking on the phone,52,25,597,456
img_253_jpg.rf.af6a7be384c22da5c41332dd83279492.jpg,640,480,talking on the phone,26,0,560,436
img_101366_jpg.rf.af54d05917e8f6ca179ce445713cbba6.jpg,640,480,talking on the phone,62,42,588,437
img_69376_jpg.rf.af82cea7ca4c3d8770a5e45f14084033.jpg,640,480,safe driving,137,0,639,372
img_92947_jpg.rf.b0126209eb612e75e19da3d6931be594.jpg,640,480,safe driving,146,48,637,379
img_93605_jpg.rf.afc83c2c35702241554dd6a793aba659.jpg,640,480,texting,34,0,550,475
img_4326_jpg.rf.b02346336a54755c60c9088e23141306.jpg,640,480,talking on the phone,93,29,480,412
img_68539_jpg.rf.b0206538fdeed1db9d2f6cbe52d10174.jpg,640,480,safe driving,153,29,637,345
img_713_jpg.rf.b07de55674ec2eabe68f09b35c03d83e.jpg,640,480,operating the radio,26,34,639,479
img_101653_jpg.rf.b08372e04e0302d2dcbb9f23d7942989.jpg,640,480,talking on the phone,63,46,584,479
img_2380_jpg.rf.b0e0d1cef430fe1ab0bcc79c032d5c9c.jpg,640,480,safe driving,38,35,537,352
img_2572_jpg.rf.b0e85218ff33f433b9b69bfc63a8313c.jpg,640,480,texting,21,47,472,479
img_212_jpg.rf.b1ca24aa5e9d039af42ac6ca337871c3.jpg,640,480,drinking,17,12,608,479
img_2420_jpg.rf.b1113aa6912a9da4126567797a705460.jpg,640,480,safe driving,62,70,564,463
img_2693_jpg.rf.b1eff173ed9a3fe5d95c1452b9a9796c.jpg,640,480,operating the radio,138,8,639,422
img_5065_jpg.rf.b2ba66fb7d33523fb5719ef6c607d029.jpg,640,480,hair and makeup,83,61,495,474
img_3635_jpg.rf.b2cbee8860cea4a76ce99a288f9b59ab.jpg,640,480,reaching behind,24,70,625,479
img_1103_jpg.rf.b303817377d5c4b2f1c57b3fb34e4b28.jpg,640,480,talking on the phone,53,70,500,478
img_69640_jpg.rf.b3071dc3e230dbde28a38f704ea6b47a.jpg,640,480,safe driving,32,15,540,373
img_717_jpg.rf.b308ea42e52b877c6cf77e126cb6e8c6.jpg,640,480,operating the radio,112,0,639,479
img_629_jpg.rf.b35965ee377c7fd53603bbf0558ff592.jpg,640,480,reaching behind,97,35,636,398
img_727_jpg.rf.b3cfdb757549945f7c1c32bf394f3fd3.jpg,640,480,reaching behind,39,19,639,454
img_579_jpg.rf.b311317081b7848eef3c57da0359695d.jpg,640,480,talking to passenger,160,0,639,418
img_5008_jpg.rf.b34c56994f5e0cd3cfe53a3c11eaaeeb.jpg,640,480,hair and makeup,64,42,557,436
img_566_jpg.rf.b45c94df19e24253fc37b5a26a5d4c7e.jpg,640,480,reaching behind,0,14,606,479
img_623_jpg.rf.b4925a47da594b8b2fbba15da4c25d1d.jpg,640,480,texting,47,32,542,477
img_727_jpg.rf.b4c6bdc82f8b0178cc5dacb1a5cd1982.jpg,640,480,reaching behind,53,41,636,420
img_90443_jpg.rf.b4e69e8985ce4ce7024802aedcfe86e0.jpg,640,480,safe driving,118,0,639,403
img_3478_jpg.rf.b4ff722725bf0f31aee60c6e687164ad.jpg,640,480,safe driving,71,29,577,406
img_4520_jpg.rf.b61c55bc228c34b870ba36b421488943.jpg,640,480,hair and makeup,53,48,524,447
img_2500_jpg.rf.b564037a01c2665d2486ee37e84a856f.jpg,640,480,texting,135,64,604,469
img_2289_jpg.rf.b70492df710ee8b4bf9fc11c2673b9a0.jpg,640,480,drinking,81,61,501,479
img_4468_jpg.rf.b659b8c41ed8e316d87d6330110190d7.jpg,640,480,talking on the phone,71,69,558,471
img_101593_jpg.rf.b6e0feb8cbbb224457587eac5a1553a0.jpg,640,480,reaching behind,101,41,639,426
img_3509_jpg.rf.b732b112422ab19897be7654a0c9baab.jpg,640,480,safe driving,43,55,562,455
img_100882_jpg.rf.b629fe5bff30bc62dee52121acf3de33.jpg,640,480,reaching behind,0,30,599,479
img_484_jpg.rf.b75f4f53a7a3e954850c893fa13b495b.jpg,640,480,talking on the phone,43,53,571,479
img_3939_jpg.rf.b88ffbb75bd42a3850ccb3280ca06237.jpg,640,480,safe driving,79,0,516,431
img_394_jpg.rf.b85276b24866d1af02769aabb36e8ce5.jpg,640,480,reaching behind,125,67,534,479
img_491_jpg.rf.b8cf3a9116d5805efce62c8465059c64.jpg,640,480,drinking,56,73,507,428
img_101905_jpg.rf.b8222e66fbd72948fddf63073c7bf3a7.jpg,640,480,reaching behind,80,0,639,479
img_555_jpg.rf.b8e1ae09c7662a8b26019f2cfa6a6bb3.jpg,640,480,drinking,96,67,542,479
img_67048_jpg.rf.b89cca515195e8c88a62c5ee78758096.jpg,640,480,safe driving,15,0,558,393
img_2875_jpg.rf.b9337e2d46668b2637165e811e7e291b.jpg,640,480,talking on the phone,19,65,553,452
img_398_jpg.rf.b94a1d3486adcc22c324d39fdccdb65c.jpg,640,480,reaching behind,34,68,611,479
img_3669_jpg.rf.b96920b867f41bf564fc72f36631d788.jpg,640,480,texting,98,22,626,423
img_3326_jpg.rf.b8fdc2b1e2e0a7b80e9d4969425deb79.jpg,640,480,safe driving,41,22,512,398
img_440_jpg.rf.b9dd297b598b426c42612d0d19717714.jpg,640,480,talking on the phone,49,29,542,412
img_397_jpg.rf.b9bf3056d3e8b17ccdf3bed442aa0ee3.jpg,640,480,drinking,84,52,568,479
img_4768_jpg.rf.bb1b3a9090448625a8acedec760dbc6e.jpg,640,480,reaching behind,0,3,520,471
img_1455_jpg.rf.bb01f52f573fe0257b1af823ec77ca63.jpg,640,480,texting,121,5,639,305
img_90396_jpg.rf.bb2affaf52c9f518d6009d81c58ae5dd.jpg,640,480,safe driving,136,31,637,383
img_101501_jpg.rf.bb3df26277f76d60a3a8d7c94d958f39.jpg,640,480,talking to passenger,9,0,573,479
img_102055_jpg.rf.bb8fac3b58048683dc6ca3342bca4814.jpg,640,480,operating the radio,102,0,639,479
img_4434_jpg.rf.bb37806764b1ae1089cded3cd05c52e2.jpg,640,480,texting,90,61,492,479
img_101394_jpg.rf.bbce510b726a9b6dd0ae7419211a6f64.jpg,640,480,operating the radio,87,47,639,445
img_296_jpg.rf.bc0aeab7499fa785010ee7e48832c853.jpg,640,480,texting,42,0,639,465
img_2397_jpg.rf.bc4d7bed5b58aba3dae31edc0d99ef24.jpg,640,480,operating the radio,182,11,639,375
img_96950_jpg.rf.bbea90a1f767a8e0d21f3d34bc9c0964.jpg,640,480,texting,126,33,639,430
img_916_jpg.rf.bc777ff8c7faa3a251186fd85cc6a01c.jpg,640,480,talking on the phone,40,54,559,431
img_636_jpg.rf.bcbc37d681b6433bea6cbba7d929b1ce.jpg,640,480,texting,28,0,549,475
img_665_jpg.rf.bc81b4c34fbc0d5d8a54c06b29d0944b.jpg,640,480,texting,116,2,639,403
img_921_jpg.rf.bcf901dcc25ad0388d2376d31d2aa621.jpg,640,480,hair and makeup,84,35,590,423
img_926_jpg.rf.bcd5ed5dc6cf42a001d09ea277abf9e8.jpg,640,480,hair and makeup,126,60,569,370
img_845_jpg.rf.bd67a0f3930d96c3070fe6f2b4ccc344.jpg,640,480,reaching behind,105,0,639,435
img_623_jpg.rf.bd27d2cd631fedebdcdcb8827928437f.jpg,640,480,texting,93,70,475,454
img_812_jpg.rf.bd94b9b56354b48f4f1b6eb28c65f526.jpg,640,480,hair and makeup,17,27,588,469
img_4695_jpg.rf.be178a04e5a0f508afb5eba4d31d5a31.jpg,640,480,reaching behind,4,67,549,479
img_92742_jpg.rf.be5c3d92dbca1846031c6a4528cca540.jpg,640,480,safe driving,49,0,539,433
img_926_jpg.rf.bd9d0267aef2b53ca5487b0dc9e916c0.jpg,640,480,hair and makeup,105,24,600,417
img_462_jpg.rf.be97c8e6fce6e2b73b70fada57abfee9.jpg,640,480,texting,92,60,568,463
img_101513_jpg.rf.be8a64be0c96c13a77e8f8984870ff38.jpg,640,480,talking to passenger,166,12,637,302
img_411_jpg.rf.bec391ba37d1dd6e05dda7af3b64da05.jpg,640,480,safe driving,71,17,583,415
img_531_jpg.rf.bf6db787b959585077bb683f53d02d4e.jpg,640,480,hair and makeup,132,0,639,442
img_3000_jpg.rf.beed8318705e78fcd9c598b9952144d5.jpg,640,480,reaching behind,40,69,596,479
img_589_jpg.rf.bf7b278b989e352e08cf724d9bc73cc1.jpg,640,480,texting,46,70,518,380
img_100697_jpg.rf.bf968d21cee87562b2d9cae4d6bbee02.jpg,640,480,talking to passenger,92,48,573,444
img_381_jpg.rf.bf864e399bd6f4345aa2af7826687e12.jpg,640,480,talking on the phone,124,0,639,461
img_568_jpg.rf.c03c686e47440bd4839f78b576511ac1.jpg,640,480,talking on the phone,181,8,629,371
img_101759_jpg.rf.c0216877ac9ce6c48dc4f383fe264da2.jpg,640,480,reaching behind,67,0,639,479
img_2133_jpg.rf.bfc134025015d7d8c6950424762428d5.jpg,640,480,hair and makeup,52,67,491,459
img_271_jpg.rf.c041b7bf60646abbb38ee78b9acef924.jpg,640,480,talking on the phone,133,0,639,441
img_629_jpg.rf.c02ab4f0ed6c76a54c51fe1ebff34a3e.jpg,640,480,reaching behind,77,6,639,441
img_2114_jpg.rf.c06406470cd44912f3fbdec3c6e6c815.jpg,640,480,texting,84,9,514,348
img_101321_jpg.rf.c06d698c42b5bc5e98ac961993f30dec.jpg,640,480,talking on the phone,30,0,557,409
img_68860_jpg.rf.c09416e8a9e6eca1a530a43b3c624a06.jpg,640,480,safe driving,89,40,579,429
img_4672_jpg.rf.c0754d91c809690cc0a299a8ee3bb4b2.jpg,640,480,reaching behind,53,70,634,479
img_2770_jpg.rf.c0a82e2de2f79fbce1b378d0a351ab70.jpg,640,480,texting,151,1,639,357
img_3308_jpg.rf.c0b52843a01673b9f85833bb6984973c.jpg,640,480,operating the radio,185,0,639,367
img_56_jpg.rf.c0f4e355c39de2085c2d6db3c246d232.jpg,640,480,operating the radio,71,33,639,427
img_102076_jpg.rf.c0dfeb48f468d818382fcec77289334d.jpg,640,480,reaching behind,2,80,582,428
img_5474_jpg.rf.c1430505f3d2fa21021c4efb78321600.jpg,640,480,hair and makeup,0,63,522,389
img_926_jpg.rf.c1d4e3917ed98ddee374a9f3b1e2b79d.jpg,640,480,hair and makeup,122,55,570,372
img_325_jpg.rf.c21e9a4ce5b3ee00848b81c6a3c705c4.jpg,640,480,talking to passenger,131,20,639,409
img_101290_jpg.rf.c1731fc521a578dc47c9ab271125104b.jpg,640,480,hair and makeup,100,18,639,434
img_1207_jpg.rf.c1faa8af8ddf7ed620b52dd89df0d47b.jpg,640,480,drinking,118,8,593,401
img_3488_jpg.rf.c21a468df9dbfda930431a8a9add9d83.jpg,640,480,drinking,78,10,463,373